PassengerId,Transported_Prob
0013_01,0.4212671
0018_01,0.023054296
0019_01,0.9990627
0021_01,0.9879309
0023_01,0.25006396
0027_01,0.34452754
0029_01,0.99516726
0032_01,0.995896
0032_02,0.99865025
0033_01,0.5602053
0037_01,0.10713917
0040_01,0.12316314
0040_02,0.8767234
0042_01,0.28112823
0046_01,0.02339214
0046_02,0.054455474
0046_03,0.046294715
0047_01,0.99906343
0047_02,0.4318022
0047_03,0.059415113
0048_01,0.48896265
0049_01,0.022819638
0054_01,0.9979115
0054_02,0.9366944
0054_03,0.1686572
0055_01,0.04868069
0057_01,0.91362584
0059_01,0.62738866
0060_01,0.5026152
0063_01,0.4997086
0065_01,0.42415556
0075_01,0.053700272
0079_01,0.4190841
0080_01,0.34945747
0083_01,0.07163969
0087_01,0.20488884
0089_01,0.9551332
0093_01,0.39740902
0094_01,0.5152553
0094_02,0.060224693
0095_01,0.60518473
0096_01,0.10993714
0100_01,0.61640674
0100_02,0.46220517
0104_01,0.064129576
0106_01,0.53608716
0109_01,0.065934785
0117_01,0.30103162
0118_01,0.44339734
0121_01,0.04686028
0124_01,0.5913793
0125_01,0.9978682
0125_02,0.05982485
0130_01,0.5881084
0131_01,0.35963795
0132_01,0.79258776
0135_01,0.31033212
0137_01,0.42074296
0142_01,0.99057806
0142_02,0.11911781
0142_03,0.97107816
0143_01,0.7806507
0145_01,0.09673106
0150_01,0.9806082
0150_02,0.9937735
0153_01,0.13933353
0154_01,0.551656
0155_01,0.025140978
0156_01,0.49239957
0157_01,0.105854936
0158_01,0.42833164
0158_02,0.49075925
0159_01,0.0592067
0161_01,0.041708276
0162_01,0.9835089
0166_01,0.5218328
0168_01,0.9980775
0175_01,0.49903068
0175_02,0.48266047
0175_03,0.49016172
0175_04,0.4566549
0175_05,0.3545416
0176_01,0.10950723
0180_01,0.1624591
0184_01,0.16792198
0185_01,0.5422656
0187_01,0.98214495
0191_01,0.1060696
0194_01,0.96841085
0194_02,0.9950075
0194_03,0.0213169
0204_01,0.1800487
0208_01,0.35070688
0209_01,0.0073783416
0214_01,0.057703797
0214_02,0.034557637
0215_01,0.48435992
0218_01,0.04331057
0226_01,0.95509803
0227_01,0.3450274
0228_01,0.99815
0228_02,0.9940156
0228_03,0.99959344
0228_04,0.03021381
0230_01,0.71390045
0230_02,0.11848736
0235_01,0.4809494
0236_01,0.93929815
0238_01,0.058480814
0247_01,0.99758494
0247_02,0.9975368
0249_01,0.09054336
0256_01,0.45540592
0259_01,0.75132895
0262_01,0.120795004
0264_01,0.99916196
0264_02,0.9987263
0264_03,0.035817217
0266_01,0.06596533
0266_02,0.06315302
0268_01,0.015380462
0268_02,0.03958444
0271_01,0.13967186
0272_01,0.073101416
0273_01,0.86474675
0273_02,0.9733095
0273_03,0.010800726
0274_01,0.01862367
0274_02,0.4122671
0276_01,0.03320596
0276_02,0.9970342
0279_01,0.25684425
0280_01,0.47452545
0284_01,0.5676154
0292_01,0.09053391
0293_01,0.99532485
0295_01,0.42132238
0296_01,0.103584215
0299_01,0.1255575
0300_01,0.08686439
0308_01,0.59301573
0311_01,0.4262812
0312_01,0.48786893
0317_01,0.12683977
0318_01,0.56907177
0319_01,0.05517895
0319_02,0.9946515
0323_01,0.616026
0325_01,0.48524687
0328_01,0.55776966
0329_01,0.99664587
0332_01,0.49333262
0335_01,0.16929533
0339_01,0.13928121
0339_02,0.17385355
0339_03,0.29373294
0339_04,0.47516206
0339_05,0.4801486
0339_06,0.13013272
0339_07,0.06324087
0339_08,0.13490613
0342_01,0.7636167
0342_02,0.6838411
0344_01,0.9862634
0344_02,0.17109683
0349_01,0.040132217
0349_02,0.85992604
0349_03,0.11699462
0349_04,0.97596335
0349_05,0.16211437
0349_06,0.12334145
0351_01,0.948821
0353_01,0.60613793
0353_02,0.682618
0354_01,0.44954893
0362_01,0.6468085
0363_01,0.47414428
0363_02,0.5111365
0363_03,0.6407359
0364_01,0.271115
0364_02,0.0985156
0366_01,0.4347192
0367_01,0.041766215
0374_01,0.10841582
0374_02,0.08946912
0386_01,0.078416355
0390_01,0.49033707
0393_01,0.057133798
0394_01,0.49661994
0399_01,0.5007327
0400_01,0.98060226
0404_01,0.81959444
0406_01,0.24835402
0414_01,0.074625425
0416_01,0.07838339
0418_01,0.077492826
0419_01,0.2616792
0419_02,0.6572006
0419_03,0.508212
0420_01,0.14807662
0421_01,0.991487
0422_01,0.112732604
0424_01,0.043199047
0426_01,0.08911628
0440_01,0.3309404
0443_01,0.13434348
0450_01,0.08044517
0451_01,0.9991887
0455_01,0.65366894
0464_01,0.4280351
0467_01,0.7615026
0467_02,0.7181533
0467_03,0.9739982
0467_04,0.80391777
0469_01,0.8155282
0473_01,0.18703915
0478_01,0.005277545
0478_02,0.99735665
0479_01,0.9993818
0483_01,0.9772209
0483_02,0.33881664
0484_01,0.99182194
0486_01,0.5945819
0489_01,0.28931078
0489_02,0.98213255
0491_01,0.6095587
0492_01,0.13319224
0493_01,0.42362204
0494_01,0.9966023
0494_02,0.22369641
0495_01,0.42865187
0495_02,0.43849355
0495_03,0.4093729
0495_04,0.3182674
0495_05,0.072451495
0495_06,0.3077538
0496_01,0.5943925
0496_02,0.6993712
0497_01,0.96253115
0505_01,0.15528516
0508_01,0.27219576
0509_01,0.53791875
0511_01,0.065927856
0514_01,0.50477505
0524_01,0.9450234
0526_01,0.46848792
0530_01,0.1415605
0530_02,0.038454484
0530_03,0.9998394
0532_01,0.114516884
0532_02,0.9965071
0535_01,0.3931571
0536_01,0.060238298
0536_02,0.054603226
0541_01,0.99712497
0543_01,0.46787632
0544_01,0.99850535
0554_01,0.05699909
0557_01,0.9670957
0557_02,0.9785235
0558_01,0.6241706
0562_01,0.19475512
0562_02,0.992784
0574_01,0.047588877
0578_01,0.49477002
0578_02,0.21831152
0584_01,0.5565794
0584_02,0.03182705
0592_01,0.51012397
0595_01,0.42422533
0601_01,0.48744744
0604_01,0.50329983
0605_01,0.14976181
0606_01,0.56676763
0613_01,0.99253756
0613_02,0.9853145
0616_01,0.10120075
0617_01,0.10441156
0620_01,0.053586062
0620_02,0.88856125
0620_03,0.919767
0621_01,0.12681991
0622_01,0.010774255
0624_01,0.9443328
0625_01,0.9978217
0625_02,0.99048716
0625_03,0.99582183
0626_01,0.99923337
0626_02,0.9967063
0626_03,0.90213627
0627_01,0.7287589
0632_01,0.12051789
0632_02,0.7043145
0632_03,0.5287346
0640_01,0.9821845
0640_02,0.9977945
0648_01,0.22573382
0648_02,0.07926065
0649_01,0.36301598
0651_01,0.9705668
0652_01,0.5146418
0652_02,0.32736644
0652_03,0.3762284
0652_04,0.22050913
0652_05,0.47186446
0654_01,0.5790777
0662_01,0.38369626
0666_01,0.4852971
0666_02,0.6830375
0667_01,0.1504063
0670_01,0.0812519
0670_02,0.028122012
0673_01,0.58605033
0675_01,0.30437508
0676_01,0.35229257
0681_01,0.4949829
0692_01,0.39382544
0694_01,0.49970156
0695_01,0.51862115
0698_01,0.053195372
0700_01,0.14613676
0706_01,0.59858686
0708_01,0.976597
0708_02,0.9975274
0711_01,0.10810603
0716_01,0.07285375
0717_01,0.93392295
0717_02,0.121439144
0717_03,0.94218135
0717_04,0.9470161
0717_05,0.05659123
0717_06,0.13318875
0717_07,0.997198
0720_01,0.98967767
0720_02,0.18143493
0720_03,0.09107764
0721_01,0.2678419
0722_01,0.34116462
0723_01,0.09272658
0725_01,0.57684875
0730_01,0.3612818
0731_01,0.1451598
0731_02,0.22540174
0735_01,0.1443667
0739_01,0.5324073
0741_01,0.37662598
0742_01,0.6063739
0742_02,0.990873
0744_01,0.9993986
0745_01,0.044327028
0747_01,0.10877299
0748_01,0.99092823
0748_02,0.057486262
0749_01,0.98069453
0751_01,0.9797356
0752_01,0.44577533
0755_01,0.94271755
0758_01,0.7766184
0758_02,0.9995957
0758_03,0.134052
0759_01,0.99674314
0759_02,0.03164264
0759_03,0.98421603
0760_01,0.11856499
0763_01,0.99852836
0763_02,0.013885804
0766_01,0.43673575
0774_01,0.4874725
0774_02,0.020284476
0774_03,0.33333683
0775_01,0.98236614
0775_02,0.984313
0775_03,0.9867334
0775_04,0.08429673
0775_05,0.9398705
0775_06,0.9992392
0778_01,0.9992217
0778_02,0.75443345
0780_01,0.9712805
0783_01,0.13702467
0792_01,0.5979539
0800_01,0.38853374
0801_01,0.9812702
0803_01,0.37338167
0804_01,0.99630237
0807_01,0.26366028
0810_01,0.12910654
0812_01,0.4318911
0814_01,0.112413205
0821_01,0.8883228
0827_01,0.087613344
0827_02,0.28684628
0827_03,0.9936674
0831_01,0.13305438
0832_01,0.59498656
0837_01,0.9772815
0837_02,0.054848265
0838_01,0.33466056
0838_02,0.07830536
0841_01,0.017091623
0842_01,0.31651768
0843_01,0.58940005
0844_01,0.45721328
0847_01,0.13100909
0852_01,0.99932396
0854_01,0.5058552
0855_01,0.84283096
0856_01,0.088565744
0857_01,0.9670534
0858_01,0.09948348
0858_02,0.9791988
0861_01,0.177544
0862_01,0.49908152
0864_01,0.07187049
0864_02,0.99286073
0864_03,0.99438184
0866_01,0.9688968
0872_01,0.08249045
0880_01,0.7297687
0880_02,0.31651518
0882_01,0.50388956
0884_01,0.14825054
0884_02,0.6186744
0886_01,0.13622385
0886_02,0.9791256
0886_03,0.99207217
0887_01,0.03801039
0887_02,0.013305401
0888_01,0.17638248
0888_02,0.32871923
0891_01,0.6942875
0892_01,0.99695396
0892_02,0.99921584
0892_03,0.999783
0894_01,0.9997408
0895_01,0.46260545
0896_01,0.51488024
0897_01,0.99968314
0897_02,0.99756694
0900_01,0.5832968
0908_01,0.4951118
0909_01,0.10389678
0909_02,0.99541616
0909_03,0.9913613
0914_01,0.031945016
0916_01,0.11687129
0917_01,0.4396737
0920_01,0.019067673
0929_01,0.2115383
0934_01,0.07968462
0936_01,0.06359141
0937_01,0.3733307
0943_01,0.97436947
0943_02,0.9923915
0943_03,0.0477678
0945_01,0.24193472
0945_02,0.06597121
0948_01,0.12013902
0950_01,0.98302346
0954_01,0.60282034
0958_01,0.08597963
0959_01,0.37014228
0962_01,0.57006747
0963_01,0.9979526
0967_01,0.06601934
0973_01,0.0826279
0974_01,0.24124986
0977_01,0.5147319
0980_01,0.057735
0981_01,0.10603502
0981_02,0.5319997
0986_01,0.0070035267
0986_02,0.99896586
0996_01,0.2306413
0999_01,0.69955766
0999_02,0.52359533
1003_01,0.056671336
1007_01,0.05426398
1009_01,0.083116144
1010_01,0.9924089
1016_01,0.070785396
1021_01,0.23207158
1023_01,0.98685443
1028_01,0.50344765
1037_01,0.43591443
1039_01,0.15598975
1042_01,0.46216732
1044_01,0.46194038
1050_01,0.48462495
1055_01,0.29414147
1059_01,0.9967788
1059_02,0.9973385
1061_01,0.9967037
1064_01,0.78201926
1064_02,0.58527446
1067_01,0.09230631
1069_01,0.9970139
1070_01,0.50556
1072_01,0.5057834
1072_02,0.39617315
1072_03,0.41732594
1072_04,0.1239798
1072_05,0.13343464
1072_06,0.26546875
1072_07,0.48595864
1072_08,0.39195472
1073_01,0.14407888
1074_01,0.5199537
1074_02,0.79883707
1081_01,0.2170501
1087_01,0.85721785
1090_01,0.9968532
1090_02,0.14234735
1092_01,0.6011821
1098_01,0.09757778
1101_01,0.49407995
1103_01,0.08415942
1104_01,0.9990398
1106_01,0.08679107
1106_02,0.9955687
1107_01,0.1972641
1109_01,0.21493089
1111_01,0.6157026
1111_02,0.50805455
1111_03,0.66184163
1118_01,0.048436
1118_02,0.99929273
1118_03,0.9853998
1118_04,0.86685133
1118_05,0.062998764
1119_01,0.070820175
1119_02,0.99343324
1120_01,0.7558332
1122_01,0.52649236
1124_01,0.9983
1124_02,0.8825057
1124_03,0.21681161
1125_01,0.13771123
1125_02,0.5403116
1126_01,0.9866676
1128_01,0.99761236
1128_02,0.97568196
1131_01,0.9998648
1135_01,0.06069244
1135_02,0.8839954
1135_03,0.011799959
1135_04,0.98377323
1137_01,0.25856817
1137_02,0.12308212
1138_01,0.9875258
1139_01,0.59512436
1143_01,0.5513929
1145_01,0.9892351
1145_02,0.17036003
1145_03,0.034536216
1145_04,0.9874357
1151_01,0.5518431
1157_01,0.112677075
1158_01,0.3212547
1158_02,0.30842382
1159_01,0.5563132
1159_02,0.32019344
1159_03,0.5728509
1160_01,0.8031606
1164_01,0.17972013
1171_01,0.3026643
1172_01,0.9888132
1176_01,0.094964296
1181_01,0.18711042
1183_01,0.9725627
1183_02,0.4926337
1183_03,0.9955735
1184_01,0.99887544
1184_02,0.51402223
1189_01,0.098912306
1194_01,0.11331138
1196_01,0.07299817
1196_02,0.08772655
1200_01,0.99974734
1201_01,0.06297661
1201_02,0.7779382
1202_01,0.05427192
1204_01,0.6467197
1205_01,0.047580514
1207_01,0.33013055
1207_02,0.50427324
1207_03,0.49089032
1207_04,0.28452572
1209_01,0.01870886
1209_02,0.094472155
1217_01,0.9855134
1217_02,0.99713624
1219_01,0.09766721
1219_02,0.9992866
1224_01,0.99564916
1224_02,0.93834215
1226_01,0.9941605
1226_02,0.9952644
1227_01,0.96521074
1237_01,0.5398484
1241_01,0.17315134
1244_01,0.98677886
1245_01,0.47789502
1247_01,0.9933009
1249_01,0.11356359
1251_01,0.9635239
1252_01,0.16738488
1253_01,0.056680016
1257_01,0.99781275
1257_02,0.9992618
1257_03,0.9301602
1257_04,0.98664457
1262_01,0.61730427
1262_02,0.23213108
1265_01,0.5283734
1266_01,0.17915715
1268_01,0.99499196
1270_01,0.99788207
1272_01,0.21599126
1275_01,0.08574555
1276_01,0.15804827
1277_01,0.102739915
1290_01,0.09968408
1296_01,0.10136451
1297_01,0.7296771
1298_01,0.25949135
1301_01,0.33609378
1301_02,0.51161295
1301_03,0.46908784
1303_01,0.318908
1305_01,0.62508553
1313_01,0.39042598
1314_01,0.07829466
1315_01,0.49185416
1318_01,0.99543214
1319_01,0.10221451
1319_02,0.049406603
1320_01,0.67218685
1320_02,0.5877373
1320_03,0.5877373
1321_01,0.37677142
1321_02,0.99435365
1321_03,0.13989788
1321_04,0.07658236
1327_01,0.49550965
1329_01,0.096930765
1334_01,0.09821635
1338_01,0.99708647
1338_02,0.98629355
1339_01,0.48209083
1341_01,0.06563974
1341_02,0.4862067
1341_03,0.58786047
1343_01,0.031299848
1343_02,0.26500535
1343_03,0.09209987
1344_01,0.105991445
1346_01,0.2624176
1349_01,0.5001326
1349_02,0.6334274
1354_01,0.22091022
1354_02,0.25414175
1354_03,0.99447745
1354_04,0.55108416
1354_05,0.97842205
1354_06,0.97368366
1354_07,0.43217987
1358_01,0.9788953
1358_02,0.04056973
1359_01,0.17915624
1361_01,0.99479985
1361_02,0.091856636
1363_01,0.08683526
1364_01,0.34489948
1364_02,0.47081774
1367_01,0.59695697
1369_01,0.5431437
1369_02,0.67514646
1369_03,0.5605328
1372_01,0.4774292
1373_01,0.52276427
1374_01,0.9994543
1388_01,0.52623564
1392_01,0.19165799
1394_01,0.5231521
1396_01,0.43498945
1405_01,0.23547837
1409_01,0.11104715
1409_02,0.4043586
1411_01,0.50431633
1418_01,0.6825513
1422_01,0.986485
1422_02,0.03456115
1422_03,0.05616201
1429_01,0.22339152
1432_01,0.21727975
1432_02,0.06974085
1436_01,0.3790292
1437_01,0.08669266
1441_01,0.16669309
1446_01,0.046766285
1448_01,0.18989578
1449_01,0.023307636
1456_01,0.028774861
1459_01,0.15468033
1464_01,0.13520977
1466_01,0.4508806
1468_01,0.54661
1469_01,0.0909162
1469_02,0.16780071
1470_01,0.5084935
1471_01,0.3419838
1471_02,0.4700207
1471_03,0.489339
1471_04,0.37190548
1471_05,0.45061716
1472_01,0.6042055
1473_01,0.114242606
1473_02,0.07779319
1475_01,0.43669656
1476_01,0.19735561
1477_01,0.15589686
1477_02,0.014511754
1480_01,0.48122355
1482_01,0.9909821
1483_01,0.68032163
1486_01,0.44474766
1487_01,0.73903006
1487_02,0.63339704
1492_01,0.09587847
1492_02,0.15300767
1494_01,0.16465977
1495_01,0.039877664
1495_02,0.7563506
1496_01,0.4921031
1497_01,0.9891867
1497_02,0.9883309
1502_01,0.03081955
1502_02,0.9927038
1502_03,0.9972633
1502_04,0.99771357
1504_01,0.07018216
1505_01,0.031533618
1508_01,0.16426526
1512_01,0.11894383
1513_01,0.5183704
1514_01,0.5125468
1516_01,0.36943677
1517_01,0.23953749
1518_01,0.028683342
1518_02,0.02993015
1519_01,0.17501235
1522_01,0.99139214
1530_01,0.6303743
1534_01,0.028737376
1534_02,0.0611704
1535_01,0.04271578
1537_01,0.99885714
1538_01,0.066725224
1538_02,0.11243357
1546_01,0.53213966
1549_01,0.21206686
1553_01,0.9953908
1553_02,0.18229929
1554_01,0.71283776
1554_02,0.6526395
1556_01,0.45150223
1557_01,0.99863464
1559_01,0.9983296
1559_02,0.9748967
1563_01,0.99862385
1566_01,0.9972378
1570_01,0.11720954
1571_01,0.118107565
1574_01,0.44981712
1575_01,0.4859138
1582_01,0.8185046
1582_02,0.4722105
1583_01,0.99711215
1586_01,0.3417751
1587_01,0.617862
1587_02,0.6540305
1589_01,0.14731912
1591_01,0.011115879
1591_02,0.9730892
1598_01,0.581417
1598_02,0.38880345
1600_01,0.32585397
1605_01,0.17006081
1607_01,0.6248615
1609_01,0.037551247
1610_01,0.7241572
1616_01,0.5330878
1618_01,0.03575157
1620_01,0.024946801
1623_01,0.355315
1627_01,0.44847277
1629_01,0.9842165
1629_02,0.98527235
1629_03,0.9946795
1629_04,0.97954375
1629_05,0.9949374
1629_06,0.99958366
1639_01,0.05575006
1641_01,0.9911548
1642_01,0.03254863
1643_01,0.15458307
1648_01,0.9713094
1652_01,0.57222944
1654_01,0.05124459
1664_01,0.34019366
1665_01,0.99431723
1665_02,0.986545
1667_01,0.12922019
1675_01,0.99705076
1678_01,0.07286362
1679_01,0.5518624
1680_01,0.019150885
1680_02,0.99946576
1683_01,0.20027713
1684_01,0.15289226
1686_01,0.07695399
1689_01,0.99728477
1689_02,0.96789706
1689_03,0.9216719
1692_01,0.5655082
1693_01,0.63771063
1701_01,0.50615895
1702_01,0.7961119
1703_01,0.5434335
1706_01,0.1463862
1707_01,0.18952414
1716_01,0.07765049
1720_01,0.10434901
1722_01,0.104538485
1726_01,0.29698434
1726_02,0.99709535
1726_03,0.765094
1732_01,0.50969833
1735_01,0.24908577
1737_01,0.115314856
1741_01,0.55489457
1741_02,0.59042454
1741_03,0.42721093
1743_01,0.030419733
1744_01,0.13408028
1750_01,0.49047032
1751_01,0.9984352
1751_02,0.9906667
1754_01,0.4713835
1756_01,0.33447993
1759_01,0.992864
1765_01,0.483228
1773_01,0.25432003
1777_01,0.010298415
1777_02,0.9957254
1780_01,0.23954363
1784_01,0.06962782
1787_01,0.24244815
1788_01,0.1242167
1789_01,0.25971255
1790_01,0.566004
1790_02,0.56757605
1791_01,0.9972844
1791_02,0.9885445
1793_01,0.059572402
1793_02,0.45026717
1794_01,0.11442633
1795_01,0.16047525
1801_01,0.6118924
1801_02,0.2099097
1809_01,0.507897
1814_01,0.27326542
1814_02,0.5650433
1814_03,0.42767948
1815_01,0.99571085
1819_01,0.11915983
1820_01,0.312754
1824_01,0.08335774
1825_01,0.3967606
1825_02,0.3808583
1830_01,0.541996
1832_01,0.09103583
1835_01,0.9970493
1835_02,0.9989403
1837_01,0.99846494
1838_01,0.9807976
1839_01,0.07996894
1840_01,0.6324987
1842_01,0.15478809
1845_01,0.17430967
1851_01,0.10947648
1851_02,0.9985977
1852_01,0.9995115
1852_02,0.9970464
1852_03,0.9982646
1852_04,0.99932444
1858_01,0.98890406
1862_01,0.16645034
1862_02,0.18212488
1862_03,0.4736674
1867_01,0.99704725
1869_01,0.07572329
1870_01,0.15871857
1875_01,0.27119982
1876_01,0.18019755
1883_01,0.3893823
1885_01,0.38314098
1893_01,0.99518543
1894_01,0.99034506
1895_01,0.17140397
1896_01,0.01821632
1900_01,0.51779026
1904_01,0.08605662
1909_01,0.9934849
1909_02,0.9730604
1909_03,0.20456088
1910_01,0.9863089
1910_02,0.0866229
1910_03,0.041405417
1910_04,0.9929259
1912_01,0.12313397
1913_01,0.59450096
1913_02,0.990489
1913_03,0.9930483
1914_01,0.52211034
1917_01,0.5333226
1919_01,0.25526014
1921_01,0.113262616
1921_02,0.027686048
1924_01,0.6503391
1929_01,0.1796926
1930_01,0.11810725
1932_01,0.068534315
1934_01,0.07379813
1936_01,0.022151923
1943_01,0.22733705
1944_01,0.13586353
1948_01,0.03703947
1948_02,0.9992859
1949_01,0.07640332
1951_01,0.9988807
1951_02,0.031265315
1954_01,0.045215085
1955_01,0.16149619
1958_01,0.087911546
1965_01,0.4855401
1966_01,0.61133385
1970_01,0.12707171
1972_01,0.2022887
1982_01,0.06387757
1986_01,0.99634105
1987_01,0.62435216
1989_01,0.6757641
1990_01,0.9763798
1990_02,0.9977634
1998_01,0.14244488
2002_01,0.9977435
2004_01,0.47125533
2005_01,0.33980912
2005_02,0.4449486
2008_01,0.23367445
2014_01,0.99195343
2016_01,0.9965366
2016_02,0.077595726
2017_01,0.166239
2017_02,0.08390268
2018_01,0.53783554
2020_01,0.96158874
2021_01,0.47943518
2023_01,0.4555375
2023_02,0.5349463
2023_03,0.5391058
2025_01,0.036818616
2030_01,0.39218104
2031_01,0.13658156
2033_01,0.1654548
2035_01,0.03503995
2035_02,0.9884946
2036_01,0.6908399
2036_02,0.65735996
2036_03,0.47408998
2037_01,0.97520894
2037_02,0.010033789
2039_01,0.98841757
2039_02,0.9905065
2039_03,0.9825721
2047_01,0.49657583
2048_01,0.69190025
2049_01,0.5375369
2050_01,0.113207124
2057_01,0.6334842
2057_02,0.5359017
2057_03,0.14095545
2057_04,0.47688732
2057_05,0.7273494
2058_01,0.15322717
2064_01,0.988931
2068_01,0.9468837
2068_02,0.96133155
2068_03,0.922337
2068_04,0.04267889
2068_05,0.6304066
2069_01,0.15095375
2072_01,0.2584592
2072_02,0.058069818
2076_01,0.99775046
2077_01,0.0856387
2078_01,0.9985837
2079_01,0.45013574
2079_02,0.14781153
2079_03,0.09160249
2093_01,0.15881546
2098_01,0.12236922
2101_01,0.7455207
2101_02,0.615554
2103_01,0.24927408
2108_01,0.21056166
2108_02,0.24810098
2109_01,0.46535626
2113_01,0.5468217
2119_01,0.37374207
2119_02,0.5152505
2122_01,0.5650744
2132_01,0.5421151
2146_01,0.81303567
2146_02,0.99835664
2151_01,0.46544126
2155_01,0.6437161
2157_01,0.061894674
2160_01,0.03882986
2160_02,0.9987206
2160_03,0.995119
2165_01,0.49770448
2166_01,0.35336226
2169_01,0.08219509
2170_01,0.100013666
2174_01,0.08230612
2176_01,0.6341632
2178_01,0.3127494
2181_01,0.105591066
2184_01,0.99951255
2184_02,0.9860175
2185_01,0.9994881
2192_01,0.17343456
2197_01,0.36737317
2199_01,0.35137644
2208_01,0.17762393
2213_01,0.05002063
2214_01,0.078186095
2216_01,0.52530587
2217_01,0.15141147
2218_01,0.36001432
2222_01,0.99183935
2226_01,0.22224507
2227_01,0.995433
2230_01,0.56361204
2236_01,0.58346874
2240_01,0.7232985
2240_02,0.15902102
2240_03,0.47442478
2242_01,0.64630544
2244_01,0.76956135
2245_01,0.8150748
2245_02,0.9422261
2246_01,0.09851098
2246_02,0.02740133
2247_01,0.03665781
2248_01,0.10512934
2249_01,0.6312794
2250_01,0.11560506
2259_01,0.60628694
2259_02,0.99756515
2260_01,0.97829604
2265_01,0.08456683
2271_01,0.02403041
2276_01,0.5379833
2276_02,0.30253512
2283_01,0.046026073
2285_01,0.097724825
2286_01,0.07008094
2290_01,0.5386009
2292_01,0.54629403
2293_01,0.9977915
2294_01,0.9789009
2297_01,0.19091876
2304_01,0.5154064
2307_01,0.57959527
2307_02,0.4728732
2307_03,0.5062872
2307_04,0.52165145
2307_05,0.57705116
2322_01,0.08864045
2323_01,0.16555287
2324_01,0.15060706
2326_01,0.5082554
2328_01,0.12200821
2330_01,0.126031
2331_01,0.99694985
2334_01,0.072453976
2335_01,0.5376672
2337_01,0.66568613
2342_01,0.04367362
2343_01,0.99783945
2343_02,0.26621926
2344_01,0.048307028
2344_02,0.99770135
2346_01,0.122072764
2350_01,0.08431024
2350_02,0.10307035
2350_03,0.9981477
2351_01,0.1252184
2351_02,0.09835314
2352_01,0.10694753
2354_01,0.07645779
2355_01,0.9984106
2355_02,0.99898916
2355_03,0.11288808
2355_04,0.9965043
2358_01,0.100769356
2359_01,0.10928312
2362_01,0.44908473
2370_01,0.49734426
2370_02,0.54921806
2370_03,0.20471899
2370_04,0.45730504
2371_01,0.6047918
2372_01,0.13113096
2378_01,0.101620115
2378_02,0.9984598
2380_01,0.025352351
2380_02,0.9919723
2381_01,0.5452555
2383_01,0.18631782
2383_02,0.13102488
2386_01,0.98767346
2388_01,0.04048613
2388_02,0.6094995
2393_01,0.17358324
2394_01,0.75005704
2394_02,0.69778895
2394_03,0.19648619
2400_01,0.18979868
2405_01,0.11344095
2407_01,0.9868731
2408_01,0.12368605
2415_01,0.7070508
2418_01,0.22185533
2420_01,0.11372434
2422_01,0.020374982
2422_02,0.9992908
2425_01,0.49264967
2425_02,0.39479876
2425_03,0.5557904
2425_04,0.49745563
2425_05,0.52291876
2425_06,0.47935385
2428_01,0.18457514
2430_01,0.4850679
2430_02,0.38319644
2430_03,0.106275864
2434_01,0.54927427
2434_02,0.28093097
2437_01,0.06041905
2440_01,0.45095766
2447_01,0.16502143
2448_01,0.99770397
2448_02,0.9982461
2450_01,0.03640505
2459_01,0.6514949
2464_01,0.029526081
2465_01,0.14002998
2468_01,0.9952982
2469_01,0.9971667
2469_02,0.037059903
2473_01,0.05673792
2481_01,0.7482867
2481_02,0.2267864
2482_01,0.083961345
2482_02,0.06345101
2484_01,0.9989901
2484_02,0.07961924
2485_01,0.057805885
2487_01,0.9893038
2487_02,0.99257857
2487_03,0.19539687
2490_01,0.185468
2493_01,0.04059264
2493_02,0.09233112
2494_01,0.99685174
2494_02,0.02907777
2495_01,0.24013579
2501_01,0.99941397
2504_01,0.46377218
2507_01,0.5107701
2511_01,0.4095864
2514_01,0.43924877
2517_01,0.9964832
2525_01,0.24886039
2529_01,0.22281986
2533_01,0.19456051
2536_01,0.99777895
2538_01,0.9980488
2538_02,0.9756566
2539_01,0.55094486
2543_01,0.664653
2554_01,0.6765601
2556_01,0.99733317
2563_01,0.525173
2566_01,0.08469103
2567_01,0.4026431
2567_02,0.99781835
2568_01,0.7680778
2569_01,0.5922984
2570_01,0.52676237
2575_01,0.35882896
2576_01,0.99643743
2577_01,0.5552992
2577_02,0.6005946
2579_01,0.09010652
2583_01,0.5163255
2585_01,0.9722502
2586_01,0.49165052
2587_01,0.9802464
2587_02,0.9886258
2600_01,0.4558392
2603_01,0.5390894
2603_02,0.9046595
2604_01,0.65570253
2608_01,0.5050303
2610_01,0.15902612
2611_01,0.24661288
2612_01,0.17433676
2613_01,0.62896
2614_01,0.10901885
2615_01,0.38797504
2620_01,0.6646625
2621_01,0.0306208
2623_01,0.17353739
2630_01,0.12305869
2630_02,0.542693
2630_03,0.4456707
2632_01,0.083621286
2637_01,0.08374218
2637_02,0.73141253
2637_03,0.47211775
2639_01,0.996409
2644_01,0.16318771
2653_01,0.20247656
2654_01,0.10609255
2656_01,0.99927694
2665_01,0.059506584
2667_01,0.9993831
2667_02,0.09405306
2667_03,0.052364603
2667_04,0.99723154
2667_05,0.99919325
2669_01,0.14982465
2673_01,0.43949327
2674_01,0.3787111
2674_02,0.6213654
2680_01,0.0071113743
2681_01,0.55857885
2686_01,0.2378901
2689_01,0.014576248
2694_01,0.98979855
2694_02,0.6597061
2696_01,0.98934245
2699_01,0.08199114
2705_01,0.5103974
2710_01,0.9996126
2710_02,0.9995703
2711_01,0.47182432
2715_01,0.074978575
2715_02,0.16320859
2716_01,0.018160354
2716_02,0.99785775
2719_01,0.645143
2719_02,0.9981337
2719_03,0.061790265
2728_01,0.8678469
2731_01,0.50638354
2733_01,0.3197453
2735_01,0.058249965
2742_01,0.5477261
2744_01,0.678732
2749_01,0.49725273
2757_01,0.02317165
2761_01,0.051773317
2761_02,0.88191175
2766_01,0.61623377
2767_01,0.061816268
2771_01,0.12785685
2775_01,0.20624816
2776_01,0.60737926
2777_01,0.9598478
2779_01,0.1591719
2782_01,0.042723887
2791_01,0.15327515
2794_01,0.047578223
2794_02,0.092188194
2794_03,0.91983134
2794_04,0.9963303
2794_05,0.070936576
2794_06,0.98486626
2794_07,0.98380417
2800_01,0.5960206
2803_01,0.9802782
2804_01,0.5115099
2808_01,0.99746525
2808_02,0.9409422
2815_01,0.37992147
2815_02,0.61280715
2815_03,0.56479996
2816_01,0.9967276
2827_01,0.65327775
2828_01,0.18808581
2829_01,0.5268842
2830_01,0.662391
2833_01,0.681615
2836_01,0.9975575
2841_01,0.03857613
2842_01,0.4937719
2844_01,0.0872138
2845_01,0.997212
2845_02,0.9872895
2848_01,0.97586864
2848_02,0.9954431
2848_03,0.98191226
2849_01,0.028330706
2850_01,0.9959997
2850_02,0.9983734
2850_03,0.06618187
2850_04,0.99809486
2851_01,0.1400416
2855_01,0.86522436
2864_01,0.10336875
2868_01,0.5161021
2868_02,0.5321809
2868_03,0.42650068
2868_04,0.75381386
2874_01,0.04509768
2879_01,0.048811965
2885_01,0.0412616
2886_01,0.072885245
2889_01,0.26610902
2895_01,0.99971753
2896_01,0.07391668
2898_01,0.99169135
2898_02,0.9793018
2903_01,0.58216554
2904_01,0.017624589
2904_02,0.98768324
2911_01,0.50465596
2914_01,0.96344006
2915_01,0.9980014
2916_01,0.9907295
2917_01,0.11459661
2918_01,0.07117771
2921_01,0.09460933
2922_01,0.86523724
2923_01,0.7174607
2924_01,0.1472104
2931_01,0.5477261
2931_02,0.12532781
2932_01,0.99882525
2933_01,0.08794072
2937_01,0.08523043
2939_01,0.63993
2946_01,0.22181593
2946_02,0.10471453
2946_03,0.26949158
2946_04,0.23343043
2947_01,0.4886038
2951_01,0.14304067
2952_01,0.08877467
2955_01,0.30302918
2957_01,0.48508805
2963_01,0.6155246
2967_01,0.6902439
2973_01,0.09639731
2974_01,0.06853894
2976_01,0.999481
2976_02,0.99916613
2976_03,0.9998305
2976_04,0.011332395
2977_01,0.13354775
2977_02,0.14041427
2977_03,0.18151379
2978_01,0.23638709
2980_01,0.14973481
2981_01,0.68773305
2985_01,0.82002884
2987_01,0.31333414
2989_01,0.35613647
2991_01,0.03189732
2997_01,0.99731135
2997_02,0.0146228755
2997_03,0.20008117
2997_04,0.9902508
2999_01,0.38360196
3002_01,0.08344808
3007_01,0.027115135
3008_01,0.997623
3008_02,0.05584374
3008_03,0.98616123
3008_04,0.6164063
3008_05,0.9978654
3008_06,0.9988778
3011_01,0.50356215
3016_01,0.37234786
3016_02,0.57025325
3016_03,0.57025325
3016_04,0.102796905
3017_01,0.91340584
3028_01,0.5118933
3031_01,0.9983541
3035_01,0.08761838
3037_01,0.9973341
3037_02,0.99006605
3041_01,0.23824629
3043_01,0.48312235
3046_01,0.30981943
3049_01,0.06348438
3051_01,0.036521483
3052_01,0.046800375
3056_01,0.5349431
3057_01,0.7940812
3058_01,0.1147584
3059_01,0.99399745
3069_01,0.21451546
3072_01,0.9981395
3074_01,0.81345254
3075_01,0.77048564
3077_01,0.9993304
3077_02,0.999401
3078_01,0.013390097
3078_02,0.027426552
3078_03,0.9972006
3078_04,0.035466455
3086_01,0.6534336
3089_01,0.45347387
3094_01,0.5493727
3097_01,0.9961451
3098_01,0.21571636
3101_01,0.13932715
3105_01,0.98098207
3105_02,0.36544424
3105_03,0.98098207
3106_01,0.7981676
3107_01,0.54052156
3108_01,0.51144135
3109_01,0.725221
3115_01,0.56766826
3122_01,0.16994064
3122_02,0.06958028
3125_01,0.048036918
3125_02,0.20036754
3127_01,0.99926764
3129_01,0.5754877
3135_01,0.1765469
3137_01,0.8783607
3139_01,0.20172626
3141_01,0.99736685
3144_01,0.12036593
3146_01,0.19409473
3148_01,0.82506543
3148_02,0.1297098
3150_01,0.30877155
3151_01,0.996687
3153_01,0.050369795
3153_02,0.8660215
3154_01,0.5098736
3155_01,0.99862087
3155_02,0.8013631
3156_01,0.18408635
3157_01,0.09088978
3160_01,0.0741618
3165_01,0.21430677
3167_01,0.5752659
3170_01,0.52962196
3173_01,0.5129812
3177_01,0.19976753
3178_01,0.99404526
3183_01,0.1056355
3186_01,0.9954254
3187_01,0.18792619
3190_01,0.07491292
3190_02,0.43585312
3194_01,0.41991103
3198_01,0.025805619
3199_01,0.5689025
3202_01,0.66535306
3207_01,0.02680943
3208_01,0.27585518
3214_01,0.9975725
3222_01,0.22719277
3226_01,0.99758196
3228_01,0.10603587
3231_01,0.70748997
3233_01,0.868245
3234_01,0.30917424
3242_01,0.14738372
3244_01,0.9625393
3244_02,0.9878498
3244_03,0.9728258
3245_01,0.40202844
3245_02,0.07046373
3246_01,0.8698978
3249_01,0.10963411
3249_02,0.5075676
3250_01,0.09608737
3251_01,0.06994516
3257_01,0.99757713
3261_01,0.16773061
3263_01,0.9976763
3264_01,0.04036893
3265_01,0.06778453
3265_02,0.995902
3265_03,0.99981457
3265_04,0.98768437
3266_01,0.2751122
3267_01,0.9593522
3277_01,0.051358007
3278_01,0.9915975
3281_01,0.99881977
3285_01,0.04415252
3285_02,0.40256625
3286_01,0.06333787
3288_01,0.99352854
3290_01,0.9985386
3290_02,0.078117184
3291_01,0.6024239
3302_01,0.022211893
3303_01,0.1465056
3306_01,0.058857854
3307_01,0.79525656
3316_01,0.90045375
3320_01,0.06486952
3320_02,0.02852404
3321_01,0.99774134
3333_01,0.65759116
3334_01,0.60931176
3335_01,0.056980554
3340_01,0.023632417
3341_01,0.97547626
3341_02,0.01521079
3344_01,0.99730694
3344_02,0.9968905
3345_01,0.6398676
3345_02,0.29176185
3345_03,0.6659531
3346_01,0.06878226
3347_01,0.9540953
3347_02,0.046820108
3351_01,0.7446596
3351_02,0.84369314
3354_01,0.032681946
3355_01,0.6800752
3356_01,0.24152966
3358_01,0.07026403
3362_01,0.058747992
3362_02,0.3202195
3366_01,0.9973104
3367_01,0.50561637
3368_01,0.44843394
3368_02,0.5862646
3368_03,0.06489992
3368_04,0.44256672
3368_05,0.5309589
3368_06,0.08472259
3368_07,0.060124487
3369_01,0.072433636
3373_01,0.5303319
3374_01,0.09109851
3375_01,0.069075204
3376_01,0.8291216
3378_01,0.22369306
3379_01,0.8512104
3385_01,0.766362
3388_01,0.9975827
3393_01,0.5716885
3398_01,0.16111712
3399_01,0.12385573
3400_01,0.5331137
3407_01,0.29631075
3407_02,0.07048166
3411_01,0.19309321
3411_02,0.061161265
3411_03,0.32138097
3411_04,0.16438873
3411_05,0.9967589
3411_06,0.99629766
3411_07,0.19523357
3414_01,0.0363882
3416_01,0.024018638
3427_01,0.5404047
3429_01,0.9809878
3435_01,0.037661247
3436_01,0.717427
3448_01,0.19314863
3448_02,0.3583247
3451_01,0.11945481
3452_01,0.21982972
3457_01,0.7188689
3460_01,0.07449697
3463_01,0.6297329
3466_01,0.06839761
3471_01,0.0074497336
3472_01,0.529556
3477_01,0.0019235538
3477_02,0.8439787
3479_01,0.107846856
3481_01,0.015787799
3482_01,0.03691706
3482_02,0.5649597
3493_01,0.61415994
3494_01,0.010259572
3494_02,0.9639254
3498_01,0.26736847
3500_01,0.25538903
3502_01,0.11990004
3503_01,0.32548827
3505_01,0.07844531
3507_01,0.78053474
3508_01,0.10368234
3508_02,0.89429367
3509_01,0.9998621
3509_02,0.19510876
3510_01,0.77991766
3513_01,0.9998685
3513_02,0.9959168
3513_03,0.9847222
3513_04,0.999519
3516_01,0.035637397
3517_01,0.87272364
3522_01,0.58656675
3524_01,0.14817479
3526_01,0.025569633
3529_01,0.99052423
3532_01,0.99792683
3538_01,0.05468116
3541_01,0.37190285
3544_01,0.047216862
3544_02,0.52975047
3545_01,0.184771
3549_01,0.022930505
3549_02,0.99575907
3551_01,0.1967803
3554_01,0.1844913
3557_01,0.11104891
3571_01,0.60556626
3574_01,0.46261007
3575_01,0.07923698
3580_01,0.97451085
3580_02,0.997614
3581_01,0.83015275
3583_01,0.4324756
3585_01,0.6212924
3587_01,0.8411002
3587_02,0.25931615
3587_03,0.56193525
3589_01,0.042231947
3589_02,0.4427446
3589_03,0.54717094
3589_04,0.56674325
3589_05,0.05525635
3589_06,0.4538565
3589_07,0.4599491
3590_01,0.29114556
3593_01,0.30751196
3599_01,0.4599525
3601_01,0.023787746
3601_02,0.49378213
3601_03,0.41388965
3601_04,0.4957594
3601_05,0.40858105
3601_06,0.028466817
3601_07,0.4787396
3603_01,0.99854714
3603_02,0.9984174
3604_01,0.5754579
3611_01,0.69851804
3617_01,0.40068197
3617_02,0.4485875
3617_03,0.24529402
3618_01,0.9915976
3618_02,0.031035792
3618_03,0.98092306
3618_04,0.06893495
3621_01,0.05767199
3621_02,0.10688678
3623_01,0.5641853
3627_01,0.9996263
3632_01,0.33842686
3633_01,0.63372093
3635_01,0.8780733
3635_02,0.49980718
3637_01,0.04806421
3638_01,0.22686261
3643_01,0.6745628
3646_01,0.72577596
3646_02,0.92911565
3649_01,0.07426737
3651_01,0.9981787
3656_01,0.9075337
3656_02,0.016388329
3657_01,0.9927538
3657_02,0.99058867
3657_03,0.051885974
3659_01,0.2770619
3659_02,0.442313
3659_03,0.48134255
3659_04,0.3447229
3659_05,0.12607747
3659_06,0.7232136
3659_07,0.5793925
3661_01,0.135772
3663_01,0.9957659
3666_01,0.77209836
3669_01,0.22028348
3670_01,0.68291306
3672_01,0.11542125
3672_02,0.31245562
3673_01,0.39868304
3675_01,0.55668074
3675_02,0.74328035
3675_03,0.6514295
3676_01,0.9988426
3683_01,0.9880657
3683_02,0.98771405
3684_01,0.703917
3684_02,0.45841187
3685_01,0.8132873
3687_01,0.98210377
3689_01,0.88218147
3694_01,0.69511056
3695_01,0.08621275
3696_01,0.99296474
3697_01,0.09851158
3698_01,0.082313575
3701_01,0.9859104
3701_02,0.8264298
3701_03,0.9931293
3709_01,0.7838488
3712_01,0.6669023
3712_02,0.6962328
3712_03,0.589601
3712_04,0.79217476
3712_05,0.59835184
3717_01,0.05139561
3717_02,0.6825789
3718_01,0.99822456
3720_01,0.9982925
3720_02,0.9967092
3720_03,0.9983261
3721_01,0.06432939
3722_01,0.22845729
3723_01,0.60949486
3725_01,0.63346505
3727_01,0.174573
3730_01,0.9495456
3731_01,0.6577259
3738_01,0.69557256
3740_01,0.1887968
3746_01,0.20277537
3746_02,0.4478894
3746_03,0.49003407
3746_04,0.58284646
3762_01,0.5113934
3763_01,0.09872338
3764_01,0.548241
3764_02,0.65370774
3766_01,0.9770362
3766_02,0.982228
3780_01,0.9990571
3782_01,0.13564695
3782_02,0.04429434
3791_01,0.07671147
3792_01,0.5949237
3794_01,0.7028444
3799_01,0.53485966
3800_01,0.22894512
3802_01,0.07495605
3806_01,0.70145434
3808_01,0.6923484
3809_01,0.02353101
3809_02,0.26464504
3813_01,0.5204159
3819_01,0.07362211
3825_01,0.18873127
3827_01,0.24989171
3828_01,0.9921037
3828_02,0.03969945
3828_03,0.9705028
3829_01,0.5594857
3829_02,0.8578645
3833_01,0.9992447
3834_01,0.6455147
3837_01,0.13765004
3840_01,0.030270087
3843_01,0.8906793
3844_01,0.29840654
3844_02,0.96222466
3845_01,0.5287541
3855_01,0.6900667
3858_01,0.96305615
3858_02,0.9201708
3858_03,0.12765604
3858_04,0.05134704
3859_01,0.99818027
3860_01,0.9572287
3861_01,0.07567705
3863_01,0.57684684
3865_01,0.64563644
3869_01,0.48416048
3876_01,0.9998047
3876_02,0.9098787
3876_03,0.99960023
3877_01,0.17648993
3878_01,0.14223541
3880_01,0.65966856
3881_01,0.45907295
3882_01,0.9618644
3884_01,0.08118413
3885_01,0.11014007
3887_01,0.9971052
3889_01,0.56335896
3889_02,0.91825736
3891_01,0.7478606
3892_01,0.5535308
3892_02,0.12011302
3893_01,0.13412231
3893_02,0.9991947
3893_03,0.12974606
3900_01,0.26901066
3901_01,0.5322283
3902_01,0.97737545
3905_01,0.65709805
3906_01,0.0047773416
3906_02,0.16883604
3908_01,0.45909792
3908_02,0.45403385
3910_01,0.7049346
3914_01,0.07182896
3918_01,0.07897014
3920_01,0.15934372
3925_01,0.029995305
3925_02,0.030525213
3929_01,0.8410914
3934_01,0.9983631
3934_02,0.065295115
3943_01,0.88187206
3943_02,0.7052973
3943_03,0.48452935
3947_01,0.20853503
3951_01,0.14807099
3953_01,0.4783259
3956_01,0.329197
3957_01,0.53791875
3965_01,0.13337596
3969_01,0.07891904
3972_01,0.9969885
3975_01,0.21778017
3978_01,0.8860175
3979_01,0.033516277
3982_01,0.0861176
3983_01,0.31459245
3989_01,0.77315843
3989_02,0.882539
3989_03,0.57300866
3989_04,0.588787
3990_01,0.8587907
3993_01,0.14132312
4004_01,0.11401355
4007_01,0.09299822
4011_01,0.51778716
4012_01,0.97455704
4012_02,0.9977405
4015_01,0.9855597
4015_02,0.03454436
4024_01,0.7893836
4025_01,0.66643065
4028_01,0.72077405
4029_01,0.9982412
4041_01,0.7305655
4048_01,0.9931853
4048_02,0.9944154
4048_03,0.82756996
4051_01,0.80722654
4052_01,0.8075863
4054_01,0.9926863
4054_02,0.98652947
4054_03,0.14763184
4056_01,0.09031913
4057_01,0.17833601
4059_01,0.90751874
4059_02,0.113552794
4062_01,0.027518585
4067_01,0.3703333
4070_01,0.9973557
4070_02,0.9997875
4070_03,0.9049335
4073_01,0.14714397
4073_02,0.76387787
4074_01,0.19202761
4077_01,0.022100234
4085_01,0.7232675
4086_01,0.1275874
4086_02,0.6904267
4086_03,0.73841536
4087_01,0.46764997
4088_01,0.84387
4092_01,0.6854351
4094_01,0.008213064
4094_02,0.022117585
4100_01,0.9932376
4105_01,0.6499241
4111_01,0.8795276
4117_01,0.36424515
4118_01,0.038545083
4119_01,0.8997624
4121_01,0.06216315
4122_01,0.61563945
4123_01,0.083077885
4124_01,0.7012226
4126_01,0.04227014
4133_01,0.98920035
4133_02,0.9925014
4136_01,0.9822801
4136_02,0.06342083
4138_01,0.07136074
4139_01,0.14422531
4146_01,0.2831469
4148_01,0.5076005
4153_01,0.45132938
4155_01,0.99912506
4157_01,0.2950938
4161_01,0.8327391
4162_01,0.7714504
4164_01,0.9563583
4180_01,0.9989795
4180_02,0.06463569
4187_01,0.1441498
4190_01,0.9895466
4192_01,0.3721268
4193_01,0.6986528
4195_01,0.22563885
4198_01,0.993038
4200_01,0.52535874
4201_01,0.4010841
4202_01,0.99782515
4202_02,0.017937588
4209_01,0.061426543
4217_01,0.2567933
4224_01,0.019235937
4224_02,0.5368609
4226_01,0.8836952
4226_02,0.055758633
4227_01,0.7253942
4228_01,0.1089643
4234_01,0.10420894
4234_02,0.016986933
4235_01,0.100314535
4235_02,0.7717327
4236_01,0.6079104
4236_02,0.9963297
4241_01,0.56218916
4247_01,0.753962
4247_02,0.09283098
4248_01,0.12278246
4248_02,0.08695867
4250_01,0.48651797
4263_01,0.30337083
4263_02,0.7316468
4263_03,0.7325859
4265_01,0.999666
4268_01,0.93327105
4268_02,0.99808025
4269_01,0.6127107
4275_01,0.072266735
4276_01,0.10788736
4277_01,0.6096454
4279_01,0.16386491
4281_01,0.10053065
4282_01,0.9987091
4283_01,0.5752545
4284_01,0.9936733
4284_02,0.16652372
4285_01,0.67622197
4286_01,0.641102
4286_02,0.22750194
4286_03,0.23438114
4287_01,0.78265965
4288_01,0.92662376
4288_02,0.3156006
4290_01,0.07665219
4298_01,0.0789328
4298_02,0.9970559
4298_03,0.98954076
4299_01,0.13856612
4304_01,0.073050804
4307_01,0.9983163
4308_01,0.51861954
4310_01,0.06607848
4313_01,0.1945279
4314_01,0.23505892
4321_01,0.99830437
4322_01,0.7340973
4323_01,0.99503905
4323_02,0.03835502
4323_03,0.36739978
4323_04,0.9964269
4325_01,0.64589
4326_01,0.20137045
4328_01,0.5246456
4331_01,0.497017
4341_01,0.8368954
4341_02,0.4122547
4342_01,0.28815308
4353_01,0.3505371
4355_01,0.49292183
4363_01,0.5797013
4374_01,0.13686612
4375_01,0.99257773
4377_01,0.7342832
4377_02,0.39796185
4377_03,0.9037198
4378_01,0.017947609
4378_02,0.16585347
4379_01,0.85255754
4380_01,0.07272124
4381_01,0.8793179
4381_02,0.08384593
4384_01,0.85492665
4385_01,0.6017383
4385_02,0.7607582
4385_03,0.81092095
4389_01,0.04947658
4394_01,0.2064315
4398_01,0.08971127
4406_01,0.31450498
4412_01,0.031738583
4414_01,0.9656989
4417_01,0.9985869
4418_01,0.14488663
4419_01,0.074987784
4419_02,0.13608195
4420_01,0.090602644
4420_02,0.48901612
4421_01,0.11705604
4423_01,0.07384791
4425_01,0.9993886
4425_02,0.8382502
4434_01,0.021139456
4435_01,0.9952526
4435_02,0.70098716
4439_01,0.4986708
4439_02,0.673855
4442_01,0.98791957
4443_01,0.6355766
4443_02,0.7860294
4454_01,0.9997143
4455_01,0.16900863
4455_02,0.27280816
4455_03,0.546219
4458_01,0.523363
4460_01,0.9181628
4468_01,0.757726
4471_01,0.10486396
4478_01,0.43951556
4480_01,0.21701202
4481_01,0.12313644
4484_01,0.107725
4488_01,0.09318524
4489_01,0.02801934
4495_01,0.11872499
4499_01,0.49441525
4503_01,0.12203585
4504_01,0.9574489
4507_01,0.12632574
4513_01,0.6157792
4519_01,0.46492875
4520_01,0.13497402
4523_01,0.65962905
4523_02,0.4998637
4523_03,0.15618907
4523_04,0.6083518
4523_05,0.65962905
4523_06,0.62030804
4525_01,0.06908638
4526_01,0.6984117
4527_01,0.11058219
4528_01,0.8251787
4536_01,0.112341695
4540_01,0.83393294
4541_01,0.046938404
4545_01,0.12690482
4548_01,0.99699473
4551_01,0.99065137
4551_02,0.9563715
4551_03,0.99931824
4551_04,0.9991696
4554_01,0.02815151
4556_01,0.2893439
4566_01,0.38546747
4578_01,0.07676661
4579_01,0.8634414
4582_01,0.67933166
4582_02,0.4407402
4582_03,0.4407402
4582_04,0.67808396
4582_05,0.49840817
4582_06,0.61932325
4582_07,0.4569098
4583_01,0.9986922
4583_02,0.99897397
4583_03,0.8557924
4584_01,0.30075404
4588_01,0.13742438
4589_01,0.23308583
4590_01,0.19266357
4598_01,0.023988318
4599_01,0.85475296
4600_01,0.7411142
4600_02,0.5505739
4601_01,0.30494234
4614_01,0.25231597
4614_02,0.1330655
4616_01,0.043357994
4618_01,0.30889526
4619_01,0.9026451
4626_01,0.9995801
4626_02,0.054610766
4627_01,0.08891927
4629_01,0.30499443
4636_01,0.64444464
4639_01,0.99032587
4639_02,0.99032587
4639_03,0.076656885
4639_04,0.0801625
4639_05,0.742546
4639_06,0.98935753
4647_01,0.82328594
4660_01,0.94549996
4666_01,0.1824813
4669_01,0.99845827
4670_01,0.13862628
4671_01,0.9898033
4671_02,0.8764881
4671_03,0.42794627
4671_04,0.99543154
4674_01,0.13444082
4675_01,0.52478266
4675_02,0.012146563
4681_01,0.0152028855
4682_01,0.29993057
4683_01,0.9874889
4683_02,0.6856765
4685_01,0.9987332
4687_01,0.029369408
4688_01,0.18469101
4692_01,0.14313838
4697_01,0.9985061
4698_01,0.99906784
4700_01,0.99699426
4701_01,0.9962303
4701_02,0.99928755
4701_03,0.9987318
4701_04,0.9974406
4702_01,0.8594276
4702_02,0.6081028
4703_01,0.99852306
4703_02,0.99971765
4705_01,0.79844373
4705_02,0.37818792
4707_01,0.032307334
4707_02,0.27295578
4715_01,0.9240554
4716_01,0.50745946
4718_01,0.9997826
4722_01,0.1598289
4724_01,0.977344
4727_01,0.16772056
4727_02,0.5440461
4729_01,0.053008
4731_01,0.48790324
4734_01,0.041075684
4735_01,0.15680438
4736_01,0.99840754
4737_01,0.15833895
4740_01,0.9058079
4742_01,0.11998976
4745_01,0.5201206
4747_01,0.99840564
4747_02,0.12334696
4749_01,0.06048217
4751_01,0.25163543
4760_01,0.80001885
4761_01,0.71384
4761_02,0.5355486
4761_03,0.571076
4765_01,0.61111426
4766_01,0.99856913
4767_01,0.46942228
4768_01,0.2605331
4768_02,0.97583985
4771_01,0.9170905
4776_01,0.9979956
4776_02,0.15123348
4776_03,0.9950375
4776_04,0.9954833
4779_01,0.09013102
4781_01,0.06923474
4789_01,0.4035556
4799_01,0.10472123
4799_02,0.14612913
4799_03,0.16135947
4800_01,0.1940792
4802_01,0.66437584
4802_02,0.25989428
4805_01,0.6133267
4806_01,0.67291373
4809_01,0.049214713
4811_01,0.8049486
4812_01,0.9430189
4816_01,0.21129917
4820_01,0.8860753
4820_02,0.05395556
4821_01,0.10685611
4824_01,0.8060753
4825_01,0.9987729
4826_01,0.87970275
4833_01,0.047124844
4833_02,0.18953238
4834_01,0.90702206
4835_01,0.04353883
4839_01,0.67149025
4843_01,0.15202667
4843_02,0.13752854
4844_01,0.2136291
4849_01,0.9957384
4852_01,0.707995
4854_01,0.99863714
4855_01,0.7324297
4855_02,0.5508188
4858_01,0.113005474
4859_01,0.9051267
4860_01,0.1020459
4861_01,0.4200302
4865_01,0.17903422
4867_01,0.09463131
4869_01,0.13674723
4872_01,0.18247002
4877_01,0.18712813
4894_01,0.91560835
4905_01,0.7213269
4906_01,0.17972016
4907_01,0.9146209
4908_01,0.35018015
4914_01,0.038097765
4919_01,0.35039127
4921_01,0.031243945
4922_01,0.67483175
4926_01,0.06436057
4928_01,0.36101723
4931_01,0.696186
4935_01,0.041444432
4935_02,0.70139086
4935_03,0.8590623
4936_01,0.07453589
4947_01,0.15240057
4948_01,0.041638676
4949_01,0.9916859
4949_02,0.0060123634
4953_01,0.99583876
4955_01,0.14064756
4957_01,0.999114
4959_01,0.9985259
4960_01,0.08139624
4962_01,0.61249584
4966_01,0.9961838
4966_02,0.9974057
4967_01,0.25303218
4968_01,0.4718835
4969_01,0.22517273
4969_02,0.79998183
4971_01,0.8522155
4976_01,0.2588122
4982_01,0.9021299
4984_01,0.16791399
4984_02,0.5056731
4985_01,0.99859804
4986_01,0.14824075
4988_01,0.9871156
4993_01,0.8208257
4994_01,0.029788088
5001_01,0.5742189
5002_01,0.9327857
5011_01,0.7537842
5022_01,0.12789778
5024_01,0.7676414
5024_02,0.50297123
5024_03,0.73505354
5024_04,0.405942
5024_05,0.90379983
5026_01,0.361178
5029_01,0.9983321
5029_02,0.97323745
5030_01,0.8545565
5031_01,0.07146777
5031_02,0.18016905
5033_01,0.320556
5033_02,0.0104159685
5037_01,0.22996344
5038_01,0.017389698
5038_02,0.9967098
5041_01,0.4974218
5043_01,0.99019027
5043_02,0.9986865
5043_03,0.15816215
5045_01,0.9984774
5046_01,0.91164994
5047_01,0.8329416
5049_01,0.24372645
5053_01,0.19481292
5054_01,0.04297013
5055_01,0.47333023
5056_01,0.75219244
5056_02,0.9046042
5066_01,0.59303874
5071_01,0.63118666
5075_01,0.48856783
5077_01,0.24448757
5078_01,0.12194165
5079_01,0.9987889
5081_01,0.2814368
5082_01,0.72713417
5086_01,0.9988483
5086_02,0.4160316
5092_01,0.81487226
5094_01,0.7381964
5094_02,0.0757187
5096_01,0.027815139
5096_02,0.07288191
5098_01,0.3593506
5098_02,0.6969217
5098_03,0.94758844
5099_01,0.17293428
5100_01,0.9987941
5101_01,0.9059979
5102_01,0.029606644
5107_01,0.13836639
5110_01,0.99021834
5113_01,0.025709692
5114_01,0.9986437
5117_01,0.19171378
5118_01,0.98695403
5119_01,0.56479084
5121_01,0.020685213
5123_01,0.14198987
5131_01,0.41450155
5131_02,0.99933416
5134_01,0.052366268
5135_01,0.02175713
5139_01,0.13008964
5141_01,0.996503
5143_01,0.88933206
5147_01,0.8964973
5149_01,0.0041496493
5149_02,0.9993887
5150_01,0.99855083
5153_01,0.9200232
5155_01,0.06986779
5159_01,0.79111767
5159_02,0.05855022
5164_01,0.9995957
5164_02,0.99704176
5168_01,0.025416682
5169_01,0.08579224
5172_01,0.23727189
5178_01,0.760753
5183_01,0.8478041
5189_01,0.9586095
5191_01,0.043871913
5195_01,0.036888454
5200_01,0.20977618
5203_01,0.6198396
5203_02,0.9977424
5212_01,0.23431803
5215_01,0.025776165
5219_01,0.9980392
5219_02,0.6139281
5222_01,0.86284405
5228_01,0.21665981
5228_02,0.95234627
5231_01,0.047302645
5232_01,0.02066463
5232_02,0.03523242
5233_01,0.6719143
5237_01,0.9976561
5241_01,0.7765406
5241_02,0.74321914
5245_01,0.33818248
5259_01,0.36659756
5261_01,0.74711895
5263_01,0.085967325
5267_01,0.4189952
5267_02,0.52454245
5267_03,0.22243631
5270_01,0.6237291
5283_01,0.1457285
5284_01,0.97489613
5285_01,0.99305177
5286_01,0.063607335
5289_01,0.71563953
5293_01,0.073544055
5293_02,0.08628585
5294_01,0.22121496
5295_01,0.060319927
5296_01,0.09376028
5302_01,0.9952343
5306_01,0.15510374
5306_02,0.8983862
5308_01,0.7913011
5308_02,0.86411196
5308_03,0.24781959
5309_01,0.9906747
5311_01,0.46485603
5317_01,0.17577223
5317_02,0.9247455
5318_01,0.5305533
5318_02,0.4887835
5319_01,0.12116095
5321_01,0.38146466
5324_01,0.21227661
5328_01,0.9879431
5329_01,0.1929273
5329_02,0.61776394
5329_03,0.321477
5329_04,0.339908
5329_05,0.13589196
5329_06,0.33081615
5329_07,0.36365294
5332_01,0.5622104
5335_01,0.977567
5335_02,0.93095
5335_03,0.087053135
5335_04,0.66811013
5336_01,0.509566
5338_01,0.924428
5339_01,0.31437936
5339_02,0.95285624
5339_03,0.9968947
5342_01,0.08166477
5349_01,0.7075786
5352_01,0.52811885
5357_01,0.9819618
5357_02,0.9767247
5357_03,0.047229253
5357_04,0.022019733
5358_01,0.74655265
5364_01,0.73154795
5369_01,0.79661125
5369_02,0.08130354
5369_03,0.99920964
5370_01,0.6689836
5371_01,0.99886924
5371_02,0.10852666
5371_03,0.99860364
5371_04,0.99916506
5373_01,0.11647433
5376_01,0.99721104
5376_02,0.98969436
5377_01,0.99882096
5381_01,0.03815271
5382_01,0.9996817
5382_02,0.99981445
5386_01,0.4995863
5391_01,0.040405303
5393_01,0.22866255
5398_01,0.99580884
5399_01,0.05209926
5400_01,0.5386164
5403_01,0.25004938
5405_01,0.04910331
5407_01,0.16484392
5409_01,0.040824044
5417_01,0.065523334
5419_01,0.09765315
5426_01,0.5848571
5428_01,0.4050002
5428_02,0.6410968
5429_01,0.12864895
5432_01,0.6082199
5433_01,0.9046703
5439_01,0.16221285
5442_01,0.124988765
5444_01,0.39956856
5448_01,0.219957
5449_01,0.22752403
5456_01,0.19739562
5460_01,0.0636666
5461_01,0.042169306
5464_01,0.32173434
5473_01,0.42365798
5473_02,0.049589638
5481_01,0.99902153
5482_01,0.65391517
5482_02,0.21644014
5486_01,0.9366105
5493_01,0.93110603
5495_01,0.99369794
5498_01,0.5241281
5498_02,0.5258369
5502_01,0.6822436
5503_01,0.06759228
5505_01,0.25055274
5505_02,0.4278307
5505_03,0.88220215
5513_01,0.8735307
5513_02,0.91141033
5513_03,0.15645088
5513_04,0.877344
5516_01,0.11006362
5518_01,0.2362236
5519_01,0.1626225
5525_01,0.51616067
5532_01,0.8202005
5533_01,0.115485765
5534_01,0.5469898
5542_01,0.11267727
5547_01,0.49841413
5548_01,0.38496128
5549_01,0.97711015
5553_01,0.9898128
5553_02,0.79623157
5554_01,0.4818751
5558_01,0.11691927
5562_01,0.99584705
5562_02,0.9988662
5564_01,0.16367763
5565_01,0.09053134
5567_01,0.22906758
5570_01,0.86481977
5576_01,0.2777675
5577_01,0.8713436
5577_02,0.7972928
5577_03,0.8964551
5577_04,0.8964551
5577_05,0.8886866
5579_01,0.9576976
5584_01,0.9910739
5584_02,0.11252563
5588_01,0.12165279
5588_02,0.9987734
5588_03,0.99868315
5588_04,0.89884967
5588_05,0.9987294
5590_01,0.49720094
5593_01,0.09363866
5597_01,0.91443473
5600_01,0.71960646
5604_01,0.1734122
5605_01,0.20444945
5607_01,0.48953584
5612_01,0.9170232
5617_01,0.19988835
5620_01,0.33745524
5620_02,0.113974586
5621_01,0.13267054
5624_01,0.89937216
5630_01,0.9320274
5632_01,0.99187636
5633_01,0.15919779
5634_01,0.4274165
5635_01,0.06707587
5636_01,0.19504543
5638_01,0.92851484
5641_01,0.9317272
5649_01,0.99906534
5654_01,0.07015934
5656_01,0.27232453
5657_01,0.0772874
5658_01,0.024528429
5660_01,0.04269441
5664_01,0.75336087
5664_02,0.82637995
5664_03,0.8186818
5664_04,0.8822843
5665_01,0.1235525
5666_01,0.032679006
5668_01,0.9883336
5669_01,0.9288741
5670_01,0.8728545
5672_01,0.5242724
5675_01,0.7362311
5676_01,0.24506855
5678_01,0.99504733
5678_02,0.36974582
5682_01,0.9627935
5683_01,0.11195421
5690_01,0.12610482
5691_01,0.99872345
5694_01,0.95795554
5697_01,0.47824758
5699_01,0.16985051
5703_01,0.27095416
5708_01,0.46748474
5715_01,0.9118022
5715_02,0.9308568
5720_01,0.6990312
5720_02,0.4997015
5731_01,0.06386685
5731_02,0.65103173
5734_01,0.9982566
5734_02,0.03917918
5741_01,0.054713883
5743_01,0.05925044
5745_01,0.78406096
5749_01,0.350117
5752_01,0.098217
5753_01,0.27100798
5754_01,0.064088546
5759_01,0.8944955
5760_01,0.40378705
5762_01,0.06301565
5766_01,0.9987638
5770_01,0.9965496
5774_01,0.45875707
5775_01,0.9948978
5782_01,0.24545968
5782_02,0.27749765
5782_03,0.87556887
5782_04,0.8438019
5784_01,0.6797031
5787_01,0.30076677
5787_02,0.5331973
5787_03,0.6093678
5789_01,0.851582
5789_02,0.8588831
5797_01,0.9970988
5798_01,0.10780727
5801_01,0.39352143
5803_01,0.4780033
5805_01,0.09766374
5807_01,0.15058318
5815_01,0.023487078
5815_02,0.017804582
5815_03,0.13605349
5815_04,0.0030812027
5830_01,0.5687397
5832_01,0.030080281
5833_01,0.34857246
5838_01,0.616107
5841_01,0.9931986
5841_02,0.9982815
5841_03,0.6385318
5845_01,0.6619957
5850_01,0.99970394
5851_01,0.1725153
5851_02,0.9968489
5853_01,0.023205727
5862_01,0.32358754
5864_01,0.51271915
5865_01,0.13473637
5866_01,0.5266679
5870_01,0.48362353
5872_01,0.692377
5873_01,0.053614676
5873_02,0.50859773
5873_03,0.079702444
5881_01,0.9991779
5883_01,0.9626901
5884_01,0.35701597
5892_01,0.043268684
5893_01,0.033841252
5893_02,0.41106853
5895_01,0.028911142
5896_01,0.4642303
5899_01,0.07018952
5904_01,0.9981499
5904_02,0.021069994
5910_01,0.07930799
5911_01,0.8653544
5911_02,0.3353024
5911_03,0.4483925
5911_04,0.7846326
5911_05,0.82564217
5911_06,0.861876
5914_01,0.92929125
5917_01,0.901533
5918_01,0.4823783
5926_01,0.47109032
5929_01,0.8010366
5932_01,0.2958154
5935_01,0.11413234
5936_01,0.94847727
5936_02,0.9979365
5936_03,0.009913038
5936_04,0.60538447
5936_05,0.017805057
5937_01,0.9477567
5940_01,0.20637971
5942_01,0.97647446
5942_02,0.9983387
5943_01,0.15527011
5948_01,0.07408622
5958_01,0.28729138
5961_01,0.99852103
5961_02,0.99827623
5962_01,0.55669546
5964_01,0.99946934
5964_02,0.9995435
5966_01,0.8397041
5966_02,0.9210035
5978_01,0.14520039
5978_02,0.35722172
5979_01,0.7348443
5982_01,0.037999272
5996_01,0.8861988
5997_01,0.8523838
5997_02,0.99827087
6002_01,0.44829398
6005_01,0.8503387
6005_02,0.8337772
6005_03,0.8479011
6005_04,0.04005876
6005_05,0.8955479
6009_01,0.05318393
6009_02,0.01161803
6012_01,0.045486726
6013_01,0.46899852
6018_01,0.16205333
6021_01,0.92450947
6023_01,0.2231036
6037_01,0.6570913
6044_01,0.07902742
6044_02,0.6981563
6046_01,0.891898
6050_01,0.9968451
6051_01,0.043734286
6051_02,0.421817
6053_01,0.13639852
6056_01,0.029736936
6057_01,0.48007303
6060_01,0.13348567
6063_01,0.79590887
6072_01,0.28784364
6074_01,0.8062622
6074_02,0.5325043
6074_03,0.99530065
6078_01,0.53806704
6079_01,0.4934603
6081_01,0.6679499
6081_02,0.543432
6081_03,0.9941953
6081_04,0.9955238
6083_01,0.34754285
6084_01,0.84447986
6088_01,0.48493347
6089_01,0.9194438
6093_01,0.5867221
6097_01,0.40120777
6100_01,0.695728
6104_01,0.993968
6113_01,0.18192725
6114_01,0.1905503
6119_01,0.998428
6119_02,0.8030932
6119_03,0.9986376
6125_01,0.15793894
6129_01,0.029074822
6131_01,0.15842536
6134_01,0.84677255
6140_01,0.15110098
6142_01,0.033773545
6142_02,0.90334517
6144_01,0.48870525
6147_01,0.0328097
6151_01,0.028247828
6151_02,0.9890131
6154_01,0.6810389
6159_01,0.22145815
6160_01,0.21715663
6160_02,0.8325899
6161_01,0.63158286
6164_01,0.87754333
6165_01,0.66567093
6177_01,0.13073568
6183_01,0.11711808
6185_01,0.013359716
6187_01,0.99876523
6188_01,0.47273815
6190_01,0.71687806
6193_01,0.99867946
6193_02,0.99697006
6193_03,0.04646296
6193_04,0.5069669
6195_01,0.20389819
6196_01,0.9947241
6197_01,0.7103233
6198_01,0.36268488
6202_01,0.90756166
6203_01,0.036997817
6204_01,0.97168475
6209_01,0.018134393
6209_02,0.99647886
6210_01,0.99913067
6212_01,0.46979442
6214_01,0.5277781
6217_01,0.9971476
6217_02,0.070361525
6221_01,0.99865854
6226_01,0.08900221
6231_01,0.9024414
6231_02,0.85610455
6231_03,0.19692744
6233_01,0.12317095
6233_02,0.47652128
6233_03,0.9033679
6235_01,0.9609722
6240_01,0.8019745
6242_01,0.9988091
6244_01,0.09244833
6244_02,0.8867471
6247_01,0.09274174
6255_01,0.97992504
6257_01,0.50369656
6257_02,0.07025627
6257_03,0.6059283
6258_01,0.5586666
6259_01,0.5968044
6260_01,0.029328212
6260_02,0.02265052
6261_01,0.3335655
6261_02,0.38123977
6267_01,0.058466118
6267_02,0.14934082
6267_03,0.9801563
6267_04,0.9973773
6267_05,0.9961449
6267_06,0.96923155
6269_01,0.78608435
6269_02,0.029999614
6269_03,0.99952435
6272_01,0.04224378
6272_02,0.9893015
6275_01,0.51122785
6278_01,0.999361
6278_02,0.9982644
6284_01,0.9943938
6286_01,0.41130942
6286_02,0.52996343
6287_01,0.056187257
6287_02,0.33832297
6288_01,0.99888307
6288_02,0.2122547
6288_03,0.99942076
6288_04,0.99233115
6291_01,0.11620285
6294_01,0.91741633
6295_01,0.9979305
6295_02,0.20059894
6298_01,0.99406636
6303_01,0.27520722
6306_01,0.8851696
6307_01,0.33875227
6310_01,0.042577785
6311_01,0.88330853
6312_01,0.55241203
6312_02,0.008044903
6314_01,0.1660854
6329_01,0.22664681
6332_01,0.4086658
6332_02,0.705844
6332_03,0.41322216
6332_04,0.12733442
6332_05,0.16585651
6332_06,0.5601003
6332_07,0.3016845
6332_08,0.20279479
6333_01,0.034490176
6336_01,0.22054252
6337_01,0.87550765
6342_01,0.44265532
6342_02,0.026881428
6345_01,0.9980367
6345_02,0.9980367
6350_01,0.22857663
6352_01,0.99971503
6352_02,0.99565375
6358_01,0.673401
6358_02,0.6389972
6359_01,0.055838976
6362_01,0.46228382
6364_01,0.87710327
6375_01,0.10542928
6377_01,0.998823
6379_01,0.11717444
6382_01,0.11872004
6383_01,0.8947527
6383_02,0.8066784
6383_03,0.5809446
6384_01,0.72867227
6386_01,0.5078471
6387_01,0.26131997
6389_01,0.09185069
6391_01,0.9626742
6391_02,0.99338394
6392_01,0.9990258
6393_01,0.40534163
6395_01,0.5698915
6401_01,0.8737459
6401_02,0.013060763
6403_01,0.096759416
6410_01,0.07048541
6410_02,0.0350178
6417_01,0.9986778
6420_01,0.24991885
6423_01,0.07656615
6425_01,0.086214304
6425_02,0.33801126
6426_01,0.047505543
6427_01,0.99734205
6429_01,0.8423274
6435_01,0.35925362
6438_01,0.051672973
6440_01,0.7265501
6441_01,0.10512362
6445_01,0.044555165
6460_01,0.42701635
6465_01,0.7830481
6466_01,0.13281937
6467_01,0.30671456
6469_01,0.8834255
6474_01,0.5834311
6476_01,0.12240968
6479_01,0.9756883
6479_02,0.8340757
6483_01,0.994655
6484_01,0.395786
6486_01,0.9888053
6491_01,0.17277196
6491_02,0.04795556
6491_03,0.887498
6495_01,0.04657002
6496_01,0.5145097
6496_02,0.4129931
6497_01,0.6393192
6498_01,0.8206171
6499_01,0.3411574
6499_02,0.14449877
6499_03,0.38546702
6499_04,0.47295415
6499_05,0.10264539
6499_06,0.56799656
6499_07,0.4093623
6499_08,0.5812868
6504_01,0.9980902
6504_02,0.060043644
6505_01,0.09800995
6506_01,0.10744274
6506_02,0.19714415
6507_01,0.61660403
6515_01,0.5661185
6516_01,0.9990729
6516_02,0.999605
6518_01,0.9642507
6519_01,0.26016372
6521_01,0.1353516
6524_01,0.10550378
6527_01,0.62222016
6528_01,0.65249217
6532_01,0.25103775
6533_01,0.50823164
6533_02,0.059662793
6534_01,0.120723724
6536_01,0.48093286
6537_01,0.06716328
6538_01,0.07461915
6542_01,0.18831678
6543_01,0.53505033
6550_01,0.09411398
6551_01,0.70202416
6554_01,0.32963827
6555_01,0.54470104
6559_01,0.6525129
6559_02,0.6103576
6559_03,0.29562905
6564_01,0.20731759
6564_02,0.98849815
6566_01,0.12461704
6571_01,0.196728
6575_01,0.9995561
6576_01,0.99739444
6577_01,0.5857981
6577_02,0.05245909
6577_03,0.83123606
6579_01,0.71441793
6581_01,0.20614575
6584_01,0.9880108
6586_01,0.024443725
6587_01,0.8617296
6589_01,0.9501296
6596_01,0.6290595
6596_02,0.018424999
6597_01,0.06952562
6600_01,0.92748475
6600_02,0.09422644
6605_01,0.9040056
6605_02,0.72737235
6607_01,0.75871885
6610_01,0.47572395
6612_01,0.7688891
6612_02,0.19282737
6612_03,0.10070681
6612_04,0.8735701
6612_05,0.462509
6612_06,0.900474
6615_01,0.99671423
6617_01,0.99539787
6617_02,0.9972277
6617_03,0.99613416
6619_01,0.018094184
6627_01,0.5960061
6629_01,0.86213857
6632_01,0.34556663
6636_01,0.9091698
6640_01,0.9981639
6644_01,0.16588426
6648_01,0.69990736
6651_01,0.16306907
6653_01,0.8119785
6657_01,0.47304228
6658_01,0.984534
6658_02,0.984534
6658_03,0.025685387
6661_01,0.7424078
6666_01,0.06175358
6677_01,0.6941965
6678_01,0.42694002
6678_02,0.97719437
6679_01,0.11799441
6682_01,0.9926467
6682_02,0.57066447
6685_01,0.28882635
6686_01,0.121911
6687_01,0.1248578
6688_01,0.9587545
6689_01,0.081267394
6689_02,0.63188034
6690_01,0.90214056
6695_01,0.36818895
6696_01,0.45590815
6700_01,0.50769264
6700_02,0.01630023
6701_01,0.9977775
6703_01,0.011489564
6704_01,0.18090233
6705_01,0.29579243
6710_01,0.8938955
6712_01,0.46130523
6714_01,0.47843197
6715_01,0.121510856
6716_01,0.10467839
6717_01,0.9977284
6723_01,0.059692536
6728_01,0.9976241
6732_01,0.3859775
6733_01,0.82127726
6735_01,0.21446578
6737_01,0.6085035
6738_01,0.24866942
6738_02,0.9776619
6740_01,0.056810923
6743_01,0.99905485
6752_01,0.2541687
6752_02,0.3366123
6752_03,0.06256072
6755_01,0.17706801
6759_01,0.686362
6767_01,0.042992115
6767_02,0.4589202
6768_01,0.091570675
6769_01,0.9991875
6770_01,0.99839586
6770_02,0.998553
6770_03,0.99757665
6771_01,0.0621338
6772_01,0.5075114
6772_02,0.21217677
6777_01,0.9982759
6781_01,0.8046166
6783_01,0.47807968
6785_01,0.47360396
6790_01,0.14019392
6791_01,0.62262297
6793_01,0.976947
6793_02,0.97527176
6795_01,0.01523641
6797_01,0.21140552
6803_01,0.4103606
6804_01,0.62503403
6807_01,0.47650817
6807_02,0.5069848
6809_01,0.18882151
6811_01,0.6403499
6812_01,0.08679501
6812_02,0.041435417
6815_01,0.22031717
6819_01,0.14351013
6819_02,0.8989507
6819_03,0.84937084
6823_01,0.90292895
6828_01,0.8685546
6830_01,0.73324674
6835_01,0.82013315
6835_02,0.48843896
6836_01,0.4490925
6838_01,0.9806849
6838_02,0.007552833
6838_03,0.04564438
6842_01,0.43611243
6845_01,0.9846513
6846_01,0.11347572
6847_01,0.046690486
6849_01,0.02283018
6852_01,0.816314
6852_02,0.057059504
6855_01,0.45433947
6856_01,0.055427734
6860_01,0.21724746
6867_01,0.49157053
6870_01,0.07928459
6872_01,0.4746846
6874_01,0.8874825
6875_01,0.13378856
6875_02,0.06313841
6875_03,0.91611546
6876_01,0.70553714
6876_02,0.6143705
6876_03,0.84621346
6877_01,0.20805617
6878_01,0.99871624
6881_01,0.2821339
6884_01,0.4860869
6886_01,0.9058025
6888_01,0.123009205
6888_02,0.9824979
6888_03,0.82059556
6888_04,0.04065763
6890_01,0.23206547
6897_01,0.14197591
6904_01,0.4996759
6904_02,0.4924789
6904_03,0.37226593
6909_01,0.9614492
6914_01,0.8328879
6916_01,0.9929431
6919_01,0.6315018
6922_01,0.65084106
6923_01,0.9940333
6927_01,0.036402732
6933_01,0.9923954
6933_02,0.28002086
6935_01,0.19276278
6936_01,0.23272477
6936_02,0.004778219
6936_03,0.997184
6938_01,0.474437
6941_01,0.4860254
6942_01,0.8432704
6948_01,0.862759
6952_01,0.988347
6953_01,0.39229718
6955_01,0.14941996
6956_01,0.27461356
6958_01,0.49596146
6959_01,0.06911543
6959_02,0.91293526
6959_03,0.9302194
6961_01,0.13148938
6961_02,0.08191824
6965_01,0.9940919
6969_01,0.11145903
6974_01,0.1752128
6975_01,0.09776588
6983_01,0.99206597
6983_02,0.009351428
6986_01,0.6201811
6986_02,0.10863467
6986_03,0.60888
6986_04,0.527523
6986_05,0.41847944
6986_06,0.7714633
6986_07,0.61008394
6986_08,0.44077095
6989_01,0.7873797
6993_01,0.15759473
7000_01,0.9986644
7003_01,0.2800012
7009_01,0.089884296
7009_02,0.01880642
7012_01,0.9963266
7023_01,0.16337855
7024_01,0.8152864
7030_01,0.20145588
7033_01,0.27095523
7035_01,0.91938275
7043_01,0.77435386
7046_01,0.017494706
7046_02,0.18480551
7046_03,0.19023816
7054_01,0.9982457
7054_02,0.9996176
7055_01,0.99874216
7063_01,0.5131538
7063_02,0.030578481
7064_01,0.6188009
7065_01,0.82583547
7066_01,0.09254122
7066_02,0.7409481
7067_01,0.5702754
7067_02,0.8048465
7067_03,0.27218792
7070_01,0.84329486
7075_01,0.13145591
7076_01,0.47456086
7081_01,0.9110139
7081_02,0.9983278
7100_01,0.9653626
7100_02,0.048748218
7101_01,0.008795448
7101_02,0.06769173
7102_01,0.9600193
7103_01,0.08784692
7103_02,0.9995202
7107_01,0.6843061
7108_01,0.242063
7112_01,0.63280505
7115_01,0.9940202
7122_01,0.75533634
7123_01,0.17074534
7124_01,0.98133266
7124_02,0.9964051
7124_03,0.14650398
7125_01,0.9460648
7129_01,0.44828057
7130_01,0.61228526
7130_02,0.65572846
7130_03,0.48329097
7130_04,0.17384464
7130_05,0.5389573
7130_06,0.5826323
7130_07,0.10518658
7131_01,0.49046078
7135_01,0.81857926
7135_02,0.8327639
7135_03,0.6230054
7135_04,0.81183684
7136_01,0.8008134
7138_01,0.13128589
7139_01,0.03134102
7141_01,0.32267076
7145_01,0.14886388
7146_01,0.05067617
7147_01,0.99958354
7150_01,0.21607396
7150_02,0.50869215
7153_01,0.10549447
7154_01,0.1284961
7158_01,0.1877644
7163_01,0.99344975
7163_02,0.99627566
7163_03,0.006379253
7164_01,0.22162768
7169_01,0.82639146
7172_01,0.08730973
7172_02,0.06604237
7174_01,0.05880888
7178_01,0.9939964
7183_01,0.5408002
7185_01,0.984786
7195_01,0.76546264
7196_01,0.9987664
7198_01,0.69306695
7201_01,0.30102625
7204_01,0.030704929
7209_01,0.5431593
7209_02,0.81363714
7211_01,0.021739626
7212_01,0.869478
7213_01,0.7170105
7220_01,0.08207465
7222_01,0.49136132
7223_01,0.99899584
7228_01,0.8448561
7231_01,0.16373767
7237_01,0.60548717
7239_01,0.48780903
7241_01,0.93437684
7241_02,0.0148776425
7243_01,0.8722491
7243_02,0.8605057
7243_03,0.8722491
7243_04,0.06711921
7243_05,0.9152063
7244_01,0.8379721
7245_01,0.81052846
7248_01,0.09314856
7248_02,0.9939606
7251_01,0.7040328
7254_01,0.24926272
7262_01,0.10038409
7263_01,0.3540905
7264_01,0.18503822
7265_01,0.19756706
7266_01,0.11242086
7266_02,0.77239007
7266_03,0.57302105
7269_01,0.117146306
7269_02,0.50305027
7272_01,0.7213597
7275_01,0.3246029
7281_01,0.9151504
7282_01,0.66245574
7286_01,0.08060379
7287_01,0.997971
7288_01,0.14758347
7291_01,0.81724906
7293_01,0.18498464
7294_01,0.18638662
7295_01,0.5729756
7295_02,0.5930869
7299_01,0.69387066
7308_01,0.99955887
7312_01,0.41064763
7315_01,0.4876881
7316_01,0.47754994
7317_01,0.088964745
7318_01,0.06622932
7319_01,0.42699608
7319_02,0.72523785
7319_03,0.4903897
7325_01,0.20506883
7329_01,0.028222539
7329_02,0.17342941
7329_03,0.29283294
7333_01,0.18416245
7335_01,0.6320391
7345_01,0.08812268
7348_01,0.19507724
7348_02,0.99973255
7348_03,0.9966709
7349_01,0.10439782
7352_01,0.27172005
7354_01,0.963476
7354_02,0.9365261
7354_03,0.96464646
7354_04,0.0065888446
7354_05,0.99418455
7354_06,0.14532769
7355_01,0.017952729
7357_01,0.88664645
7362_01,0.23582634
7363_01,0.48869374
7364_01,0.3050133
7368_01,0.98834395
7369_01,0.029336289
7373_01,0.9972319
7373_02,0.9992853
7375_01,0.72386885
7378_01,0.04049218
7380_01,0.98683536
7380_02,0.99658597
7380_03,0.10594731
7380_04,0.9901363
7381_01,0.74924546
7382_01,0.80516994
7383_01,0.70704734
7383_02,0.16152704
7384_01,0.09305521
7386_01,0.47564557
7389_01,0.9967079
7397_01,0.2334991
7400_01,0.16331823
7404_01,0.8118738
7407_01,0.20957102
7409_01,0.20952207
7409_02,0.6982219
7412_01,0.9996258
7413_01,0.5158527
7413_02,0.56654376
7414_01,0.08236562
7415_01,0.06357524
7417_01,0.07271266
7417_02,0.33415604
7420_01,0.22223574
7421_01,0.72765875
7421_02,0.5188941
7423_01,0.087413356
7423_02,0.99900836
7424_01,0.03415032
7426_01,0.99831486
7426_02,0.99817145
7426_03,0.9995585
7433_01,0.6292838
7434_01,0.1880393
7439_01,0.18240044
7439_02,0.9994474
7440_01,0.15101294
7441_01,0.96415526
7443_01,0.86257154
7451_01,0.29455397
7454_01,0.13765821
7463_01,0.039613843
7465_01,0.69902843
7466_01,0.13571529
7467_01,0.0444993
7468_01,0.26115137
7469_01,0.19628297
7470_01,0.8661905
7471_01,0.5885031
7471_02,0.29172966
7473_01,0.17788084
7473_02,0.10502306
7474_01,0.75700945
7476_01,0.7697594
7480_01,0.10559733
7482_01,0.9945722
7482_02,0.071993425
7489_01,0.44061157
7489_02,0.17979299
7489_03,0.34019095
7491_01,0.5022407
7493_01,0.50156456
7497_01,0.7973002
7511_01,0.102838114
7516_01,0.5022773
7519_01,0.10932736
7526_01,0.99722594
7528_01,0.7660811
7528_02,0.86808425
7528_03,0.18277632
7528_04,0.8372518
7530_01,0.9996382
7530_02,0.118087806
7530_03,0.076953396
7530_04,0.012231022
7532_01,0.87579757
7537_01,0.8125217
7539_01,0.9917814
7539_02,0.10027728
7540_01,0.13763909
7541_01,0.99786025
7541_02,0.7088804
7541_03,0.47512567
7546_01,0.999313
7547_01,0.5302358
7548_01,0.08287584
7551_01,0.78121334
7554_01,0.7849087
7555_01,0.5688267
7556_01,0.9994246
7556_02,0.9786785
7556_03,0.24261546
7556_04,0.99975055
7557_01,0.16223304
7557_02,0.99787545
7557_03,0.99390984
7558_01,0.07059868
7558_02,0.999474
7562_01,0.110872544
7564_01,0.113171324
7566_01,0.59899855
7570_01,0.2604894
7570_02,0.09946994
7571_01,0.12838055
7575_01,0.21807112
7581_01,0.60672957
7582_01,0.52510494
7582_02,0.41134718
7582_03,0.4399707
7582_04,0.39567092
7582_05,0.53537446
7587_01,0.4845987
7589_01,0.723452
7590_01,0.7774962
7591_01,0.45438752
7591_02,0.47926533
7593_01,0.95495844
7597_01,0.453756
7597_02,0.66130775
7597_03,0.13484514
7597_04,0.4364073
7597_05,0.08755403
7597_06,0.4197035
7597_07,0.029964164
7600_01,0.983836
7600_02,0.17707483
7602_01,0.9960626
7603_01,0.5218288
7607_01,0.14022346
7610_01,0.6853166
7610_02,0.3991458
7611_01,0.045653135
7611_02,0.043417152
7612_01,0.051945467
7612_02,0.6568411
7613_01,0.95938355
7615_01,0.14188889
7617_01,0.27799463
7619_01,0.8254129
7629_01,0.6950695
7629_02,0.14113213
7629_03,0.7338724
7636_01,0.15572256
7637_01,0.99672145
7637_02,0.123416826
7637_03,0.99647117
7638_01,0.48951858
7642_01,0.9950582
7645_01,0.9994143
7648_01,0.9227846
7651_01,0.99561125
7653_01,0.03460117
7654_01,0.9889494
7655_01,0.81071573
7657_01,0.14682515
7658_01,0.975014
7659_01,0.12209553
7662_01,0.9943929
7663_01,0.8811667
7664_01,0.01983685
7668_01,0.4725017
7672_01,0.009292933
7673_01,0.32826117
7674_01,0.104613476
7675_01,0.44666842
7681_01,0.5249565
7685_01,0.7492556
7686_01,0.8565872
7695_01,0.3996948
7701_01,0.27035365
7704_01,0.72670496
7706_01,0.9774466
7718_01,0.9972687
7722_01,0.31552428
7725_01,0.9824644
7726_01,0.50419044
7730_01,0.17809138
7732_01,0.10223716
7733_01,0.12994653
7734_01,0.5123541
7735_01,0.017819112
7737_01,0.48479593
7740_01,0.67922205
7740_02,0.40333122
7745_01,0.6424771
7750_01,0.23825505
7756_01,0.74821764
7758_01,0.09658559
7759_01,0.64856285
7762_01,0.26138854
7765_01,0.74236834
7765_02,0.6835086
7765_03,0.68516666
7766_01,0.16169482
7772_01,0.47557464
7779_01,0.44049394
7781_01,0.1725218
7792_01,0.9994406
7792_02,0.99765944
7792_03,0.9995022
7792_04,0.051646434
7792_05,0.99947983
7794_01,0.040220093
7795_01,0.1657274
7795_02,0.76363665
7796_01,0.05072923
7798_01,0.13859916
7798_02,0.70847315
7799_01,0.75629854
7804_01,0.032205842
7807_01,0.697082
7811_01,0.60240006
7814_01,0.4603034
7817_01,0.08860267
7819_01,0.7614663
7822_01,0.33026353
7823_01,0.79208076
7825_01,0.004269894
7825_02,0.896751
7825_03,0.016350769
7826_01,0.99930215
7827_01,0.9995515
7836_01,0.07325979
7838_01,0.99906486
7844_01,0.10896581
7846_01,0.06619559
7846_02,0.9994954
7854_01,0.47150692
7855_01,0.2231602
7857_01,0.67007995
7860_01,0.2466433
7862_01,0.49322852
7867_01,0.35452622
7869_01,0.1205523
7874_01,0.18630393
7874_02,0.8513411
7876_01,0.12760766
7880_01,0.8968764
7880_02,0.06297132
7887_01,0.47732747
7893_01,0.9971444
7893_02,0.9997758
7893_03,0.9996742
7893_04,0.999276
7893_05,0.9988192
7896_01,0.38399425
7898_01,0.2979632
7900_01,0.1325101
7906_01,0.03510643
7909_01,0.10484169
7909_02,0.29814824
7911_01,0.7457587
7912_01,0.09979943
7915_01,0.4568648
7915_02,0.061016053
7915_03,0.44554713
7917_01,0.49267837
7921_01,0.3143714
7921_02,0.0388297
7923_01,0.46680203
7925_01,0.69508624
7927_01,0.6191339
7927_02,0.5309821
7927_03,0.33546025
7928_01,0.8180842
7931_01,0.38176048
7932_01,0.6237658
7933_01,0.89516366
7934_01,0.9958645
7934_02,0.99789184
7934_03,0.9991491
7938_01,0.18623084
7942_01,0.026055112
7942_02,0.5429538
7948_01,0.07333071
7951_01,0.9967662
7953_01,0.12097471
7956_01,0.45486987
7959_01,0.44301105
7961_01,0.16216698
7963_01,0.5484208
7963_02,0.33332467
7963_03,0.793044
7964_01,0.9982982
7965_01,0.72626084
7966_01,0.51550823
7969_01,0.7118011
7971_01,0.999684
7971_02,0.04040045
7975_01,0.99561983
7977_01,0.21850914
7978_01,0.45844668
7978_02,0.06495955
7979_01,0.09780658
7980_01,0.16826941
7991_01,0.010202258
7991_02,0.045245357
7991_03,0.99889416
7991_04,0.968623
7992_01,0.47367966
7997_01,0.8320967
7998_01,0.9820946
7998_02,0.99945754
7998_03,0.9998221
7998_04,0.9993755
8001_01,0.52385396
8002_01,0.20766279
8008_01,0.10381255
8009_01,0.59281296
8011_01,0.59866726
8013_01,0.68404293
8017_01,0.04828233
8022_01,0.88452584
8028_01,0.2274152
8033_01,0.100758135
8039_01,0.97316307
8039_02,0.9737224
8040_01,0.36045036
8041_01,0.022650158
8041_02,0.9989064
8044_01,0.99739146
8045_01,0.51252043
8047_01,0.9980318
8048_01,0.8712712
8051_01,0.73300916
8051_02,0.6216456
8061_01,0.47055244
8061_02,0.5787981
8062_01,0.16715826
8065_01,0.13233358
8070_01,0.12698385
8073_01,0.47661707
8074_01,0.87210965
8080_01,0.8899946
8090_01,0.4996836
8093_01,0.10003547
8095_01,0.21281213
8096_01,0.99375063
8099_01,0.64908665
8100_01,0.76635957
8101_01,0.99846905
8104_01,0.5474814
8109_01,0.20926934
8110_01,0.096933104
8111_01,0.4736138
8113_01,0.89960307
8113_02,0.7263596
8113_03,0.55262876
8113_04,0.14708374
8114_01,0.6697247
8125_01,0.99975294
8125_02,0.9638134
8126_01,0.15669383
8127_01,0.08167747
8132_01,0.4316211
8134_01,0.6283844
8142_01,0.9993474
8145_01,0.7752976
8146_01,0.5944762
8151_01,0.36162925
8154_01,0.62418705
8155_01,0.5109612
8160_01,0.20552436
8163_01,0.5931435
8166_01,0.34703028
8169_01,0.3929083
8170_01,0.98608685
8172_01,0.9984647
8174_01,0.15658346
8179_01,0.9920894
8180_01,0.023858411
8181_01,0.17859049
8181_02,0.04179977
8181_03,0.9993668
8183_01,0.18374889
8184_01,0.1416515
8185_01,0.07419898
8187_01,0.1062407
8188_01,0.19271487
8193_01,0.69692874
8195_01,0.99211055
8196_01,0.07425371
8196_02,0.6132377
8198_01,0.47336963
8201_01,0.9791774
8206_01,0.118697114
8215_01,0.9346797
8223_01,0.6643961
8228_01,0.034641773
8230_01,0.1527172
8234_01,0.11128115
8236_01,0.9992386
8240_01,0.997529
8241_01,0.6698924
8245_01,0.5706301
8245_02,0.48846895
8246_01,0.3397385
8249_01,0.20117566
8250_01,0.4802538
8253_01,0.048747133
8256_01,0.9258938
8258_01,0.060148112
8262_01,0.44402438
8263_01,0.09277232
8269_01,0.51330024
8274_01,0.62722623
8278_01,0.68161404
8283_01,0.9979564
8284_01,0.72780913
8284_02,0.5411391
8285_01,0.2060701
8286_01,0.99935466
8290_01,0.9977024
8293_01,0.14656293
8296_01,0.9929488
8299_01,0.085402325
8304_01,0.22251594
8304_02,0.99833715
8304_03,0.24154115
8305_01,0.9971424
8305_02,0.9998429
8305_03,0.99841356
8308_01,0.008526886
8309_01,0.052406747
8311_01,0.06462626
8312_01,0.99840635
8325_01,0.5811745
8325_02,0.1887793
8327_01,0.04052836
8331_01,0.46126795
8337_01,0.3687713
8340_01,0.13827372
8340_02,0.8744969
8340_03,0.033509325
8347_01,0.6483072
8349_01,0.3790647
8350_01,0.024457613
8351_01,0.091444105
8352_01,0.10246938
8353_01,0.34683427
8355_01,0.999213
8357_01,0.99272835
8357_02,0.9994568
8358_01,0.15680218
8359_01,0.16323741
8361_01,0.064709105
8361_02,0.061409727
8361_03,0.99720556
8361_04,0.9996867
8361_05,0.96328115
8364_01,0.6604398
8367_01,0.5143805
8370_01,0.95646703
8370_02,0.08585085
8372_01,0.999332
8385_01,0.99298793
8385_02,0.051381372
8385_03,0.9676485
8387_01,0.7830239
8389_01,0.7942293
8391_01,0.19522072
8396_01,0.07785866
8399_01,0.18194006
8400_01,0.24067573
8400_02,0.6443421
8400_03,0.06635539
8402_01,0.98701453
8402_02,0.9848777
8402_03,0.9848777
8408_01,0.7381126
8408_02,0.7180229
8412_01,0.4966467
8413_01,0.6750619
8415_01,0.052472327
8417_01,0.53497225
8422_01,0.07043625
8424_01,0.07322716
8425_01,0.7615302
8425_02,0.60711706
8426_01,0.5304968
8426_02,0.061953653
8428_01,0.814069
8434_01,0.9855128
8435_01,0.13364877
8436_01,0.060153026
8439_01,0.48219302
8440_01,0.013905686
8440_02,0.9980532
8440_03,0.995583
8443_01,0.97028804
8443_02,0.3234486
8445_01,0.7616867
8445_02,0.65665364
8445_03,0.6590721
8446_01,0.04237802
8450_01,0.9991924
8450_02,0.07377438
8450_03,0.9955634
8453_01,0.5095721
8455_01,0.06519459
8461_01,0.12115563
8464_01,0.09015112
8464_02,0.9963432
8473_01,0.4577846
8473_02,0.050997093
8478_01,0.6390629
8478_02,0.08177953
8484_01,0.9976585
8485_01,0.65839404
8488_01,0.7878638
8490_01,0.05638895
8496_01,0.18402062
8497_01,0.45239565
8498_01,0.2973325
8499_01,0.7354014
8501_01,0.69652635
8505_01,0.01108406
8507_01,0.54298556
8510_01,0.27269244
8510_02,0.9975223
8513_01,0.09655925
8515_01,0.28365847
8517_01,0.3379176
8517_02,0.87620133
8518_01,0.63847923
8519_01,0.87160456
8520_01,0.13521764
8520_02,0.47962594
8525_01,0.9784589
8525_02,0.9995196
8526_01,0.06391376
8526_02,0.7238841
8527_01,0.630934
8529_01,0.066526875
8531_01,0.4840376
8532_01,0.113582924
8533_01,0.6386181
8534_01,0.5052575
8534_02,0.8858679
8534_03,0.6554155
8534_04,0.24977614
8538_01,0.07347006
8543_01,0.7966071
8543_02,0.8868926
8543_03,0.23032491
8543_04,0.05426566
8543_05,0.3992727
8543_06,0.12506856
8543_07,0.8532545
8543_08,0.09292889
8546_01,0.65653634
8547_01,0.11671496
8550_01,0.09881786
8553_01,0.04530641
8555_01,0.6186628
8555_02,0.44248223
8555_03,0.6002436
8558_01,0.6203444
8562_01,0.5004679
8563_01,0.029573323
8564_01,0.04039597
8565_01,0.60472333
8565_02,0.6217875
8565_03,0.30588618
8567_01,0.044253703
8567_02,0.0078781005
8567_03,0.060373828
8568_01,0.99677366
8568_02,0.9965912
8575_01,0.6042824
8576_01,0.98302263
8578_01,0.035729207
8579_01,0.9992817
8582_01,0.63184726
8583_01,0.99066937
8583_02,0.9964455
8590_01,0.02852733
8591_01,0.4299741
8593_01,0.13928784
8600_01,0.64383596
8601_01,0.1883414
8608_01,0.71060586
8621_01,0.77888864
8622_01,0.07226552
8625_01,0.13130032
8627_01,0.0688896
8630_01,0.67530626
8632_01,0.50083107
8632_02,0.5336812
8647_01,0.9980896
8648_01,0.6355106
8648_02,0.16976687
8648_03,0.48669666
8649_01,0.08991978
8651_01,0.15717755
8652_01,0.20567165
8655_01,0.036637507
8660_01,0.58562297
8662_01,0.45092058
8665_01,0.48130593
8666_01,0.607727
8676_01,0.48327544
8677_01,0.10311478
8677_02,0.7684868
8677_03,0.9762295
8678_01,0.7578305
8678_02,0.34493
8679_01,0.47668493
8682_01,0.04758636
8686_01,0.6376785
8689_01,0.51559716
8690_01,0.040622976
8690_02,0.82008004
8692_01,0.9967795
8692_02,0.011418053
8692_03,0.9847608
8697_01,0.7041962
8698_01,0.80718267
8699_01,0.6433734
8702_01,0.67907804
8705_01,0.97852284
8706_01,0.123615146
8707_01,0.16218157
8711_01,0.57726246
8713_01,0.055864714
8713_02,0.999106
8715_01,0.48316962
8718_01,0.13134126
8724_01,0.0026879613
8725_01,0.66515505
8726_01,0.99001104
8730_01,0.14477055
8731_01,0.11757614
8737_01,0.98907477
8738_01,0.4705328
8739_01,0.019187445
8740_01,0.2638388
8742_01,0.2115227
8745_01,0.3532284
8746_01,0.74095315
8747_01,0.9957202
8747_02,0.34718168
8748_01,0.15900303
8748_02,0.0818396
8756_01,0.030837785
8758_01,0.05153731
8758_02,0.3440589
8761_01,0.268938
8763_01,0.108903974
8763_02,0.039589792
8763_03,0.6522653
8765_01,0.26575777
8767_01,0.06393074
8767_02,0.010312919
8768_01,0.71270597
8768_02,0.65812755
8768_03,0.16034238
8775_01,0.68058175
8777_01,0.18102816
8778_01,0.986413
8778_02,0.9968659
8784_01,0.09456576
8788_01,0.06842338
8792_01,0.37841958
8793_01,0.056746393
8793_02,0.99189997
8793_03,0.9947678
8793_04,0.011364784
8793_05,0.9912661
8795_01,0.46553364
8800_01,0.5185166
8800_02,0.41566098
8800_03,0.44063452
8800_04,0.78197587
8800_05,0.5747947
8803_01,0.6205784
8804_01,0.99497294
8804_02,0.99352515
8804_03,0.9959781
8804_04,0.27978697
8804_05,0.0070743146
8810_01,0.046196837
8814_01,0.4849271
8829_01,0.72634006
8832_01,0.16484658
8837_01,0.22581199
8839_01,0.9186797
8839_02,0.16689387
8846_01,0.0076308236
8846_02,0.6303878
8847_01,0.49379948
8851_01,0.75260544
8855_01,0.046558864
8857_01,0.6695397
8859_01,0.1318936
8866_01,0.44753
8870_01,0.99738175
8870_02,0.021449577
8873_01,0.34940013
8873_02,0.018751899
8873_03,0.9922464
8875_01,0.9941415
8875_02,0.037045095
8875_03,0.998844
8877_01,0.9887925
8877_02,0.9955532
8879_01,0.47711173
8882_01,0.08305292
8887_01,0.6418703
8888_01,0.060989097
8893_01,0.99789137
8893_02,0.9974692
8895_01,0.99066
8895_02,0.02205005
8898_01,0.32531634
8908_01,0.7193509
8909_01,0.39362445
8911_01,0.5424654
8912_01,0.5774465
8913_01,0.48457614
8913_02,0.5386429
8913_03,0.5649098
8914_01,0.22871098
8915_01,0.15849757
8916_01,0.46892118
8917_01,0.58149177
8921_01,0.9595259
8924_01,0.99967015
8925_01,0.9162977
8925_02,0.93387157
8925_03,0.98866606
8925_04,0.99286556
8925_05,0.9715062
8925_06,0.030317614
8927_01,0.35307005
8929_01,0.059000973
8931_01,0.057782695
8933_01,0.14982893
8934_01,0.010190492
8935_01,0.54591066
8936_01,0.013776835
8943_01,0.1776588
8946_01,0.9994111
8949_01,0.15424101
8950_01,0.19352378
8951_01,0.011015857
8952_01,0.25227505
8953_01,0.3353964
8957_01,0.05820114
8958_01,0.47378692
8960_01,0.48870495
8960_02,0.14729251
8960_03,0.61755425
8962_01,0.12877122
8963_01,0.986429
8965_01,0.12994413
8971_01,0.24904357
8974_01,0.9982394
8979_01,0.27022648
8980_01,0.23408473
8980_02,0.19002184
8980_03,0.98207575
8980_04,0.070076734
8980_05,0.034355894
8980_06,0.97929776
8980_07,0.9804458
8984_01,0.035759743
8990_01,0.4696532
8991_01,0.42428294
8994_01,0.02588706
8994_02,0.99571085
8995_01,0.08393711
9000_01,0.1615066
9002_01,0.041698806
9005_01,0.57160723
9016_01,0.053305186
9016_02,0.03345377
9016_03,0.009597053
9016_04,0.99943775
9016_05,0.44830918
9017_01,0.56943566
9022_01,0.17410459
9022_02,0.5521313
9022_03,0.6151558
9025_01,0.06500303
9025_02,0.6084087
9027_01,0.09325642
9033_01,0.56848276
9039_01,0.4733307
9040_01,0.019669186
9044_01,0.20042579
9045_01,0.039293215
9045_02,0.055507194
9047_01,0.51876444
9050_01,0.48117796
9051_01,0.1641634
9053_01,0.99831724
9053_02,0.99073887
9054_01,0.7766404
9055_01,0.11540352
9056_01,0.07830157
9058_01,0.13573931
9062_01,0.013662296
9062_02,0.8413659
9063_01,0.99947816
9065_01,0.99711955
9067_01,0.09413532
9067_02,0.55987227
9070_01,0.17453088
9070_02,0.45551306
9082_01,0.031142628
9083_01,0.9846373
9083_02,0.3250619
9086_01,0.53713953
9086_02,0.34825584
9087_01,0.15253367
9088_01,0.8958074
9090_01,0.02149041
9091_01,0.98957306
9092_01,0.14869331
9093_01,0.019002292
9095_01,0.24502239
9096_01,0.54025996
9096_02,0.6812332
9100_01,0.013750756
9102_01,0.9966942
9105_01,0.46940556
9109_01,0.4679859
9113_01,0.99771357
9117_01,0.20524332
9121_01,0.99528307
9123_01,0.995717
9133_01,0.4696932
9135_01,0.25575876
9138_01,0.21610326
9143_01,0.12647247
9143_02,0.25174108
9143_03,0.038400553
9146_01,0.17043903
9146_02,0.07989992
9146_03,0.9993303
9147_01,0.4695833
9153_01,0.31902543
9154_01,0.5753497
9155_01,0.041451793
9155_02,0.10566625
9155_03,0.97777873
9155_04,0.98379284
9162_01,0.9820837
9162_02,0.024819937
9162_03,0.07987637
9166_01,0.9955401
9171_01,0.5117484
9177_01,0.99761766
9177_02,0.99796045
9182_01,0.06978273
9187_01,0.648899
9187_02,0.008043887
9191_01,0.5572288
9198_01,0.04804571
9200_01,0.19836777
9204_01,0.31732062
9206_01,0.98976785
9206_02,0.11494829
9206_03,0.9959312
9207_01,0.97827065
9209_01,0.45174342
9210_01,0.19216494
9212_01,0.079925165
9212_02,0.48174062
9214_01,0.027683789
9215_01,0.91376287
9216_01,0.30928984
9223_01,0.96082705
9223_02,0.97389597
9228_01,0.19135696
9229_01,0.6433479
9232_01,0.19904692
9236_01,0.59833777
9238_01,0.41673118
9238_02,0.6700748
9238_03,0.4814363
9238_04,0.11232787
9238_05,0.45866227
9238_06,0.57492733
9238_07,0.037975233
9240_01,0.27492675
9243_01,0.57990503
9245_01,0.15595031
9249_01,0.7371228
9255_01,0.7289046
9258_01,0.9384106
9260_01,0.7238305
9262_01,0.5397438
9263_01,0.5540929
9265_01,0.9145622
9266_01,0.49960265
9266_02,0.541926
9269_01,0.253393
9271_01,0.9764523
9273_01,0.92806894
9277_01,0.6082004
